subject,session,task,cuecol,cueloc,validity,targloc,targtilt,delay,resp,time,corr
5,1,2,1,1,1,1,1,1.38959368231494,0,NaN,0
5,1,2,1,7,1,7,1,1.06968722307697,0,NaN,0
5,1,2,1,3,1,3,1,1.05969014622578,0,NaN,0
5,1,2,2,4,1,4,1,1.17965506844002,0,NaN,0
5,1,2,1,8,1,8,1,1.38959368231494,0,NaN,0
5,1,2,1,3,1,3,2,1.07968429992816,0,NaN,0
5,1,2,1,3,1,3,1,1.07968429992816,0,NaN,0
5,1,2,1,1,0,8,1,1.29961999065426,0,NaN,0
5,1,2,2,2,1,2,1,1.02969891567222,0,NaN,0
5,1,2,1,2,1,2,1,1.02969891567222,0,NaN,0
5,1,2,2,3,1,3,1,1.00970476196985,0,NaN,0
5,1,2,1,2,1,2,1,1.16965799158884,0,NaN,0
5,1,2,2,7,1,7,2,1.02969891567222,0,NaN,0
5,1,2,2,5,1,5,2,1.29961999065426,0,NaN,0
5,1,2,1,7,1,7,2,1.29961999065426,0,NaN,0
5,1,2,1,2,1,2,2,1.22964045269596,0,NaN,0
5,1,2,2,4,0,1,2,1.35960245176138,0,NaN,0
5,1,2,1,3,0,6,2,1.09967845363053,0,NaN,0
5,1,2,2,1,0,4,1,1.1996492221424,0,NaN,0
5,1,2,1,4,1,4,2,1.30961706750545,0,NaN,0
5,1,2,1,4,1,4,2,1.14966383788646,0,NaN,0
5,1,2,2,6,1,6,2,1.27962583695189,0,NaN,0
5,1,2,2,1,1,1,1,1.12966968418409,0,NaN,0
5,1,2,2,4,1,4,2,1.1196726073329,0,NaN,0
5,1,2,2,3,1,3,2,1.22964045269596,0,NaN,0
5,1,2,1,3,1,3,2,1.27962583695189,0,NaN,0
5,1,2,1,5,0,2,1,1.06968722307697,0,NaN,0
5,1,2,2,7,1,7,2,1.25963168324952,0,NaN,0
5,1,2,1,8,1,8,1,1.29961999065426,0,NaN,0
5,1,2,2,3,1,3,1,1.36959952861257,0,NaN,0
5,1,2,1,5,1,5,1,1.3496053749102,0,NaN,0
5,1,2,2,1,1,1,1,1.17965506844002,0,NaN,0
5,1,2,2,5,1,5,2,1.30961706750545,0,NaN,0
5,1,2,1,5,1,5,2,1.27962583695189,0,NaN,0
5,1,2,1,8,1,8,1,1.03969599252341,0,NaN,0
5,1,2,2,3,0,8,1,1.39959075916613,0,NaN,0
5,1,2,1,5,1,5,1,1.21964337584477,0,NaN,0
5,1,2,1,2,1,2,2,1.36959952861257,0,NaN,0
5,1,2,2,8,1,8,1,1.02969891567222,0,NaN,0
5,1,2,1,6,0,3,1,1.1196726073329,0,NaN,0
5,1,2,1,4,0,3,2,1.18965214529121,0,NaN,0
5,1,2,2,6,1,6,1,1.07968429992816,0,NaN,0
5,1,2,1,4,1,4,1,1.36959952861257,0,NaN,0
5,1,2,1,6,1,6,1,1.12966968418409,0,NaN,0
5,1,2,1,7,1,7,2,1.32961122120782,0,NaN,0
5,1,2,1,7,1,7,2,1.16965799158884,0,NaN,0
5,1,2,2,6,1,6,2,1.2696287601007,0,NaN,0
5,1,2,2,5,0,1,2,1.16965799158884,0,NaN,0
5,1,2,1,7,0,6,1,1.1196726073329,0,NaN,0
5,1,2,1,1,1,1,2,1.06968722307697,0,NaN,0
5,1,2,1,2,1,2,2,1.03969599252341,0,NaN,0
5,1,2,2,6,1,6,1,1.09967845363053,0,NaN,0
5,1,2,2,2,0,8,1,1.38959368231494,0,NaN,0
5,1,2,1,1,1,1,2,1.20964629899358,0,NaN,0
5,1,2,1,6,1,6,2,1.16965799158884,0,NaN,0
5,1,2,1,7,1,7,2,1.31961414435664,0,NaN,0
5,1,2,2,8,0,6,1,1.13966676103528,0,NaN,0
5,1,2,1,7,1,7,2,1.14966383788646,0,NaN,0
5,1,2,1,2,1,2,2,1.00970476196985,0,NaN,0
5,1,2,2,8,1,8,2,1.10967553048172,0,NaN,0
5,1,2,2,5,1,5,2,1.12966968418409,0,NaN,0
5,1,2,1,8,0,6,2,1.15966091473765,0,NaN,0
5,1,2,2,1,1,1,1,1.23963752954714,0,NaN,0
5,1,2,2,5,1,5,1,1.36959952861257,0,NaN,0
5,1,2,2,7,0,8,2,1.1996492221424,0,NaN,0
5,1,2,1,4,1,4,1,1.27962583695189,0,NaN,0
5,1,2,1,3,1,3,2,1.17965506844002,0,NaN,0
5,1,2,1,2,1,2,1,1.07968429992816,0,NaN,0
5,1,2,1,1,1,1,2,1.30961706750545,0,NaN,0
5,1,2,2,8,1,8,1,1.25963168324952,0,NaN,0
5,1,2,1,1,1,1,2,1.31961414435664,0,NaN,0
5,1,2,1,8,1,8,1,1.38959368231494,0,NaN,0
5,1,2,1,6,1,6,1,1.09967845363053,0,NaN,0
5,1,2,2,4,1,4,2,1.01970183882104,0,NaN,0
5,1,2,1,6,0,4,1,1.22964045269596,0,NaN,0
5,1,2,2,8,1,8,1,1.36959952861257,0,NaN,0
5,1,2,1,6,1,6,2,1.15966091473765,0,NaN,0
5,1,2,2,4,1,4,1,1.15966091473765,0,NaN,0
5,1,2,2,5,1,5,2,1.22964045269596,0,NaN,0
5,1,2,1,2,0,3,2,1.20964629899358,0,NaN,0
5,1,1,2,2,1,2,2,1.01970183882104,2,0.616567436983132,1
5,1,1,1,2,1,2,1,1.13966676103528,1,0.566926936105119,1
5,1,1,2,2,1,2,2,1.27962583695189,2,0.595445384615232,1
5,1,1,2,7,1,7,2,1.01970183882104,2,0.776759013992887,1
5,1,1,1,8,1,8,1,1.0496930693746,2,0.638828756165822,0
5,1,1,2,1,1,1,1,1.2696287601007,1,0.408940906663702,1
5,1,1,2,4,1,4,1,1.13966676103528,1,0.513302992799254,1
5,1,1,2,3,1,3,2,1.23963752954714,2,0.399823350921906,1
5,1,1,1,5,1,5,2,1.01970183882104,2,0.508299171009639,1
5,1,1,1,4,0,6,2,1.38959368231494,2,0.680770938090063,1
5,1,1,2,4,1,4,1,1.29961999065426,1,0.351346350511449,1
5,1,1,1,1,1,1,1,1.18965214529121,2,0.607916307794767,0
5,1,1,2,5,1,5,2,1.05969014622578,2,0.832819152226875,1
5,1,1,1,3,1,3,1,1.15966091473765,2,0.640916556688353,0
5,1,1,2,3,1,3,2,1.10967553048172,1,1.0631523307502,0
5,1,1,1,6,1,6,1,1.25963168324952,0,NaN,0
5,1,1,1,2,1,2,2,1.18965214529121,1,1.08092101568127,0
5,1,1,2,1,1,1,2,1.1996492221424,2,0.621628564235834,1
5,1,1,1,8,1,8,2,1.00970476196985,2,0.448169489602151,1
5,1,1,1,4,1,4,2,1.25963168324952,2,0.596633688940528,1
5,1,1,1,7,1,7,1,1.32961122120782,1,0.535141506004948,1
5,1,1,2,4,1,4,2,1.22964045269596,2,0.53083390282427,1
5,1,1,2,6,1,6,1,1.13966676103528,1,0.514370984163179,1
5,1,1,2,8,1,8,1,1.20964629899358,1,0.630848186424373,1
5,1,1,2,2,1,2,1,1.1996492221424,1,0.6978519574659,1
5,1,1,2,1,1,1,1,1.31961414435664,1,0.68991130197719,1
5,1,1,2,7,1,7,2,1.13966676103528,2,0.616366440210186,1
5,1,1,2,4,1,4,2,1.27962583695189,2,0.576817117740575,1
5,1,1,2,6,0,1,1,1.37959660546376,1,0.813458173712206,1
5,1,1,1,6,1,6,2,1.01970183882104,2,0.57971489249303,1
5,1,1,1,5,0,6,2,1.30961706750545,2,0.712338550411005,1
5,1,1,2,4,0,8,1,1.1196726073329,1,1.00733966088228,1
5,1,1,2,5,1,5,1,1.09967845363053,1,0.579243904309806,1
5,1,1,1,3,0,8,1,1.37959660546376,2,0.678043084014462,0
5,1,1,1,6,1,6,1,1.17965506844002,1,0.576566513253056,1
5,1,1,1,6,0,7,1,1.21964337584477,1,0.633244467100667,1
5,1,1,1,8,1,8,1,1.01970183882104,1,0.555535408360811,1
5,1,1,1,5,1,5,1,1.13966676103528,1,0.940153424685377,1
5,1,1,1,8,1,8,1,1.06968722307697,1,0.882594506259011,1
5,1,1,1,1,1,1,2,1.12966968418409,2,0.732838225537307,1
5,1,1,1,8,1,8,2,1.3496053749102,2,0.660908465499233,1
5,1,1,1,4,1,4,1,1.1996492221424,1,0.545818568623872,1
5,1,1,1,5,1,5,1,1.25963168324952,1,0.562390681276156,1
5,1,1,1,7,1,7,2,1.0496930693746,2,0.585145226583336,1
5,1,1,2,8,1,8,2,1.22964045269596,2,0.525224524799341,1
5,1,1,1,3,1,3,1,1.08968137677934,2,0.573794468397864,0
5,1,1,2,2,1,2,1,1.01970183882104,1,0.698193224327042,1
5,1,1,2,1,1,1,2,1.18965214529121,2,0.500569775957956,1
5,1,1,2,7,1,7,2,1.17965506844002,2,0.497273999086246,1
5,1,1,2,3,1,3,1,1.36959952861257,1,0.568110678801531,1
5,1,1,2,6,1,6,2,1.15966091473765,2,0.590450686083386,1
5,1,1,2,1,1,1,2,1.23963752954714,2,0.517017299122017,1
5,1,1,1,8,1,8,2,1.35960245176138,2,0.525099650208176,1
5,1,1,1,3,1,3,2,1.02969891567222,2,0.611979008524941,1
5,1,1,2,2,0,5,2,1.37959660546376,1,0.844432774277266,0
5,1,1,1,6,1,6,2,1.17965506844002,2,0.481146645250192,1
5,1,1,2,8,0,2,2,1.09967845363053,2,0.749504991990761,1
5,1,1,1,1,1,1,2,1.23963752954714,2,0.794081514597565,1
5,1,1,2,5,1,5,2,1.02969891567222,2,0.774606495359876,1
5,1,1,1,2,0,7,2,0.999707685118665,1,0.877020765959969,0
5,1,1,2,7,0,2,2,1.24963460639833,2,0.633581457434957,1
5,1,1,2,1,0,3,1,1.06968722307697,2,0.700165273517086,0
5,1,1,1,8,0,6,1,1.05969014622578,2,0.766530131412765,0
5,1,1,1,1,0,4,1,1.20964629899358,2,0.584992412015708,0
5,1,1,2,4,1,4,2,1.33960829805901,2,0.543596485150374,1
5,1,1,2,7,1,7,1,1.0496930693746,1,0.578014260222517,1
5,1,1,1,3,0,8,1,1.23963752954714,2,1.25859731622313,0
5,1,1,2,5,1,5,2,1.1196726073329,1,0.753111529830676,0
5,1,1,1,7,1,7,1,1.33960829805901,0,NaN,0
5,1,1,2,7,0,5,2,1.00970476196985,1,0.86712089086268,0
5,1,1,2,3,1,3,2,1.32961122120782,2,0.520831391077081,1
5,1,1,1,7,1,7,2,1.13966676103528,2,0.549361813862561,1
5,1,1,1,3,1,3,1,1.37959660546376,2,0.721948762073225,0
5,1,1,1,6,1,6,1,1.18965214529121,2,0.814417541287185,0
5,1,1,2,2,1,2,1,1.24963460639833,1,0.589259530739582,1
5,1,1,2,6,1,6,1,1.1196726073329,1,0.555277961430875,1
5,1,1,1,5,0,8,2,1.25963168324952,1,0.6578630080121,0
5,1,1,1,4,1,4,1,1.27962583695189,2,0.608086513572744,0
5,1,1,1,2,1,2,1,1.39959075916613,2,0.350880779263207,0
5,1,1,1,5,1,5,1,1.28962291380308,1,0.631385318225512,1
5,1,1,2,4,1,4,1,1.23963752954714,1,0.3761618967701,1
5,1,1,2,1,1,1,2,1.23963752954714,2,0.474736701354232,1
5,1,1,2,5,1,5,2,1.30961706750545,2,0.690953919280219,1
5,1,1,1,5,1,5,1,1.36959952861257,1,0.551726733340729,1
5,1,1,2,5,1,5,1,1.15966091473765,1,0.668221326813182,1
5,1,1,2,3,1,3,2,1.1996492221424,2,0.632647178817933,1
5,1,1,1,6,1,6,1,1.35960245176138,1,0.499147688152334,1
5,1,1,1,3,1,3,2,1.20964629899358,2,0.447637774735085,1
5,1,1,2,7,1,7,1,1.03969599252341,1,0.882190231898676,1
5,1,1,1,5,1,5,1,1.2696287601007,1,0.65669893733957,1
5,1,1,2,3,0,2,1,1.09967845363053,2,0.689214513164188,0
5,1,1,2,8,1,8,1,1.24963460639833,1,1.19594077751208,1
5,1,1,2,2,1,2,2,1.27962583695189,2,0.632365213132289,1
5,1,1,1,1,1,1,2,1.3496053749102,2,0.50676646370357,1
5,1,1,2,4,1,4,1,1.12966968418409,1,0.709455886054457,1
5,1,1,2,4,1,4,2,1.10967553048172,2,0.895877399381789,1
5,1,1,2,7,1,7,1,1.03969599252341,1,0.500617673061242,1
5,1,1,1,1,1,1,1,1.3496053749102,2,0.991101687546688,0
5,1,1,1,5,1,5,1,1.18965214529121,1,0.619527649029806,1
5,1,1,1,4,1,4,2,1.21964337584477,2,0.535958892881354,1
5,1,1,1,2,1,2,2,1.1996492221424,2,0.550359670182843,1
5,1,1,2,1,0,3,2,1.01970183882104,2,0.651061619338179,1
5,1,1,1,1,1,1,1,1.05969014622578,1,0.711573337165646,1
5,1,1,1,6,0,8,2,1.08968137677934,2,0.604146976823358,1
5,1,1,2,8,1,8,2,1.00970476196985,2,0.4665246289469,1
5,1,1,1,1,1,1,1,1.33960829805901,1,0.565137922274516,1
5,1,1,2,2,1,2,1,1.02969891567222,1,0.577494804732851,1
5,1,1,2,6,1,6,2,1.3496053749102,2,0.51784780068192,1
5,1,1,2,3,1,3,1,1.09967845363053,1,0.775166720408379,1
5,1,1,2,4,1,4,2,1.13966676103528,2,0.760839499372196,1
5,1,1,1,1,0,8,2,1.35960245176138,2,0.677505096908135,1
5,1,1,1,6,1,6,2,1.06968722307697,2,0.590035577853996,1
5,1,1,2,8,1,8,1,1.30961706750545,1,0.582752937332771,1
5,1,1,1,8,0,7,2,1.16965799158884,2,0.595295991269268,1
5,1,1,1,7,1,7,1,1.1196726073329,1,0.669632580749749,1
5,1,1,2,4,1,4,1,1.25963168324952,1,0.670001217385106,1
5,1,1,1,7,0,3,2,1.09967845363053,2,0.728663764900375,1
5,1,1,2,6,1,6,1,1.02969891567222,1,0.879040142049234,1
5,1,1,1,2,1,2,1,1.15966091473765,1,0.601492679013063,1
5,1,1,1,2,0,7,2,1.18965214529121,2,1.24253382519146,1
5,1,1,1,8,1,8,2,1.02969891567222,2,0.593070771676139,1
5,1,1,2,1,1,1,2,1.28962291380308,2,0.52748566721948,1
5,1,1,1,4,1,4,2,1.21964337584477,2,0.553999279833079,1
5,1,1,1,7,1,7,1,1.30961706750545,1,0.574573651631908,1
5,1,1,2,5,1,5,1,1.29961999065426,1,0.541240403829761,1
5,1,1,2,4,0,6,2,1.1996492221424,1,0.769538240562724,0
5,1,1,2,6,1,6,1,1.30961706750545,1,0.714020365961915,1
5,1,1,1,8,1,8,1,1.21964337584477,1,0.440635674390251,1
5,1,1,1,6,1,6,1,1.24963460639833,1,0.529183163369453,1
5,1,1,2,3,1,3,1,1.18965214529121,1,0.449753800336111,1
5,1,1,2,1,1,1,1,1.27962583695189,1,0.504336255911767,1
5,1,1,1,6,1,6,1,1.21964337584477,1,0.526893510769696,1
5,1,1,2,3,0,4,2,1.03969599252341,2,0.589244135242552,1
5,1,1,2,7,1,7,2,1.1996492221424,2,0.421718029181648,1
5,1,1,1,5,0,7,1,1.32961122120782,1,0.998186182312566,1
5,1,1,1,7,1,7,1,1.1996492221424,1,0.655338146421855,1
5,1,1,1,5,0,6,2,1.14966383788646,2,0.669271926966758,1
5,1,1,2,2,1,2,2,1.29961999065426,2,0.46979275094418,1
5,1,1,2,2,0,5,1,1.02969891567222,1,0.66822417783078,1
5,1,1,1,2,1,2,2,1.10967553048172,2,0.570782082720143,1
5,1,1,1,7,1,7,2,1.14966383788646,1,0.731300101296256,0
5,1,1,2,1,1,1,1,1.24963460639833,1,0.521785911922052,1
5,1,1,2,4,0,3,1,1.29961999065426,1,0.668244420058727,1
5,1,1,2,5,1,5,2,1.12966968418409,2,0.364857039976414,1
5,1,1,2,4,1,4,2,1.10967553048172,2,0.493247791387148,1
5,1,1,1,7,0,3,1,0.999707685118665,2,0.913805171119748,0
5,1,1,2,3,1,3,2,1.1196726073329,2,0.586381142910795,1
5,1,1,1,2,1,2,1,1.3496053749102,1,0.784853624456446,1
5,1,1,1,7,1,7,1,1.07968429992816,1,0.591385534903566,1
5,1,1,1,8,1,8,2,1.05969014622578,2,0.813916902517121,1
5,1,1,2,6,0,2,2,1.13966676103528,2,0.967045367395258,1
5,1,1,1,5,1,5,2,1.28962291380308,2,0.51107321157815,1
5,1,1,2,3,1,3,2,1.05969014622578,2,0.375549498092369,1
5,1,1,1,8,1,8,2,1.12966968418409,2,0.597933182971246,1
5,1,1,1,3,1,3,1,1.03969599252341,1,0.470973072419838,1
5,1,1,1,8,1,8,2,1.29961999065426,2,0.416934876189771,1
5,1,1,1,3,1,3,2,1.37959660546376,2,0.431490748874239,1
5,1,1,1,2,1,2,1,1.07968429992816,1,0.55790346395861,1
5,1,1,1,6,1,6,1,1.32961122120782,1,0.468396892503733,1
5,1,1,1,8,0,3,2,1.18965214529121,2,0.606805266058473,1
5,1,2,2,6,1,6,1,1.28962291380308,0,NaN,0
5,1,2,1,5,1,5,2,1.1996492221424,0,NaN,0
5,1,2,2,8,1,8,2,1.08968137677934,0,NaN,0
5,1,2,1,3,0,7,1,1.29961999065426,0,NaN,0
5,1,2,1,4,1,4,2,1.02969891567222,0,NaN,0
5,1,2,2,2,0,8,2,1.02969891567222,0,NaN,0
5,1,2,2,2,0,4,2,1.13966676103528,0,NaN,0
5,1,2,1,4,0,6,2,1.30961706750545,0,NaN,0
5,1,2,1,7,1,7,1,1.24963460639833,0,NaN,0
5,1,2,1,8,1,8,2,1.3496053749102,0,NaN,0
5,1,2,2,2,1,2,1,1.10967553048172,0,NaN,0
5,1,2,1,1,1,1,2,1.05969014622578,0,NaN,0
5,1,2,1,6,1,6,2,1.1996492221424,0,NaN,0
5,1,2,1,3,1,3,1,1.18965214529121,0,NaN,0
5,1,2,2,5,1,5,1,1.02969891567222,0,NaN,0
5,1,2,1,8,1,8,2,0.999707685118665,0,NaN,0
5,1,2,1,8,1,8,2,1.38959368231494,0,NaN,0
5,1,2,1,2,1,2,1,1.33960829805901,0,NaN,0
5,1,2,2,1,1,1,1,1.14966383788646,0,NaN,0
5,1,2,2,7,1,7,1,1.03969599252341,0,NaN,0
5,1,2,1,5,1,5,2,0.999707685118665,0,NaN,0
5,1,2,1,8,0,3,2,1.31961414435664,0,NaN,0
5,1,2,2,3,1,3,2,0.999707685118665,0,NaN,0
5,1,2,2,7,0,5,1,1.09967845363053,0,NaN,0
5,1,2,2,5,1,5,2,1.23963752954714,0,NaN,0
5,1,2,1,4,1,4,2,1.31961414435664,0,NaN,0
5,1,2,2,7,0,4,1,1.12966968418409,0,NaN,0
5,1,2,1,3,1,3,1,1.12966968418409,0,NaN,0
5,1,2,1,6,0,8,1,1.23963752954714,0,NaN,0
5,1,2,1,7,1,7,2,1.25963168324952,0,NaN,0
5,1,2,2,1,1,1,1,1.1996492221424,0,NaN,0
5,1,2,2,6,1,6,1,1.05969014622578,0,NaN,0
5,1,2,1,2,1,2,1,1.16965799158884,0,NaN,0
5,1,2,2,2,1,2,1,1.37959660546376,0,NaN,0
5,1,2,2,3,1,3,1,1.37959660546376,0,NaN,0
5,1,2,2,5,0,2,2,1.14966383788646,0,NaN,0
5,1,2,2,7,1,7,1,1.12966968418409,0,NaN,0
5,1,2,2,4,1,4,1,1.31961414435664,0,NaN,0
5,1,2,2,8,1,8,1,1.03969599252341,0,NaN,0
5,1,2,1,7,1,7,1,1.10967553048172,0,NaN,0
5,1,2,2,8,0,5,2,1.28962291380308,0,NaN,0
5,1,2,1,3,1,3,2,1.30961706750545,0,NaN,0
5,1,2,2,1,0,3,1,1.2696287601007,0,NaN,0
5,1,2,2,8,1,8,1,1.16965799158884,0,NaN,0
5,1,2,2,2,1,2,2,1.33960829805901,0,NaN,0
5,1,2,1,4,1,4,2,1.21964337584477,0,NaN,0
5,1,2,2,5,0,4,1,1.31961414435664,0,NaN,0
5,1,2,1,6,1,6,1,1.2696287601007,0,NaN,0
5,1,2,1,4,1,4,2,1.15966091473765,0,NaN,0
5,1,2,2,4,0,5,1,1.33960829805901,0,NaN,0
5,1,2,1,7,1,7,2,1.23963752954714,0,NaN,0
5,1,2,2,2,1,2,1,1.27962583695189,0,NaN,0
5,1,2,1,6,1,6,2,1.05969014622578,0,NaN,0
5,1,2,2,1,1,1,2,1.33960829805901,0,NaN,0
5,1,2,1,8,1,8,2,1.32961122120782,0,NaN,0
5,1,2,2,4,1,4,2,1.39959075916613,0,NaN,0
5,1,2,2,3,1,3,1,1.28962291380308,0,NaN,0
5,1,2,1,5,1,5,1,1.02969891567222,0,NaN,0
5,1,2,1,5,1,5,2,1.32961122120782,0,NaN,0
5,1,2,2,1,1,1,2,1.05969014622578,0,NaN,0
5,1,2,1,2,1,2,1,1.14966383788646,0,NaN,0
5,1,2,1,3,1,3,1,1.1196726073329,0,NaN,0
5,1,2,2,3,1,3,1,1.08968137677934,0,NaN,0
5,1,2,1,1,1,1,2,1.08968137677934,0,NaN,0
5,1,2,1,5,1,5,2,1.27962583695189,0,NaN,0
5,1,2,2,4,1,4,2,1.01970183882104,0,NaN,0
5,1,2,2,1,1,1,1,1.13966676103528,0,NaN,0
5,1,2,2,6,0,7,2,1.29961999065426,0,NaN,0
5,1,2,1,5,1,5,1,1.23963752954714,0,NaN,0
5,1,2,1,1,0,5,2,1.39959075916613,0,NaN,0
5,1,2,1,6,1,6,2,1.30961706750545,0,NaN,0
5,1,2,2,6,1,6,1,1.05969014622578,0,NaN,0
5,1,2,2,2,1,2,1,1.13966676103528,0,NaN,0
5,1,2,2,1,1,1,1,1.13966676103528,0,NaN,0
5,1,2,1,7,1,7,1,1.24963460639833,0,NaN,0
5,1,2,1,4,1,4,1,1.09967845363053,0,NaN,0
5,1,2,2,3,0,4,2,1.38959368231494,0,NaN,0
5,1,2,2,6,1,6,2,1.22964045269596,0,NaN,0
5,1,2,1,7,1,7,2,1.29961999065426,0,NaN,0
5,1,2,2,8,1,8,2,1.35960245176138,0,NaN,0
5,1,2,1,5,1,5,2,1.30961706750545,0,NaN,0
5,1,2,2,2,1,2,1,1.15966091473765,0,NaN,0
5,1,2,1,5,0,2,2,1.35960245176138,0,NaN,0
5,1,2,2,2,1,2,1,1.37959660546376,0,NaN,0
5,1,2,2,7,1,7,2,1.02969891567222,0,NaN,0
5,1,2,2,8,1,8,2,1.33960829805901,0,NaN,0
5,1,2,1,6,1,6,1,1.10967553048172,0,NaN,0
5,1,2,1,6,1,6,1,1.1996492221424,0,NaN,0
5,1,2,2,2,1,2,1,1.1996492221424,0,NaN,0
5,1,2,1,6,1,6,1,1.37959660546376,0,NaN,0
5,1,2,2,8,1,8,1,1.37959660546376,0,NaN,0
5,1,2,1,1,1,1,1,1.32961122120782,0,NaN,0
5,1,2,1,7,1,7,1,1.22964045269596,0,NaN,0
5,1,2,2,4,1,4,2,1.06968722307697,0,NaN,0
5,1,2,1,8,1,8,2,1.30961706750545,0,NaN,0
5,1,2,2,1,1,1,1,1.03969599252341,0,NaN,0
5,1,2,1,2,1,2,1,1.15966091473765,0,NaN,0
5,1,2,2,4,1,4,2,0.999707685118665,0,NaN,0
5,1,2,2,5,0,1,2,1.20964629899358,0,NaN,0
5,1,2,2,1,1,1,1,1.20964629899358,0,NaN,0
5,1,2,1,6,1,6,2,1.21964337584477,0,NaN,0
5,1,2,1,1,0,2,2,1.14966383788646,0,NaN,0
5,1,2,1,5,1,5,1,1.06968722307697,0,NaN,0
5,1,2,1,7,0,5,2,1.05969014622578,0,NaN,0
5,1,2,1,8,1,8,2,1.01970183882104,0,NaN,0
5,1,2,2,1,1,1,1,1.1996492221424,0,NaN,0
5,1,2,2,3,1,3,2,1.32961122120782,0,NaN,0
5,1,2,2,1,1,1,1,1.05969014622578,0,NaN,0
5,1,2,1,3,1,3,2,1.1996492221424,0,NaN,0
5,1,2,2,6,0,3,2,1.37959660546376,0,NaN,0
5,1,2,1,8,0,6,2,1.17965506844002,0,NaN,0
5,1,2,1,3,1,3,2,1.13966676103528,0,NaN,0
5,1,2,2,7,1,7,2,1.38959368231494,0,NaN,0
5,1,2,1,1,0,8,2,1.03969599252341,0,NaN,0
5,1,2,1,1,1,1,2,1.14966383788646,0,NaN,0
5,1,2,2,2,1,2,2,1.35960245176138,0,NaN,0
5,1,2,2,6,1,6,1,1.0496930693746,0,NaN,0
5,1,2,2,2,0,3,2,1.1196726073329,0,NaN,0
5,1,2,1,3,1,3,1,1.16965799158884,0,NaN,0
5,1,2,2,7,1,7,2,1.01970183882104,0,NaN,0
5,1,2,2,4,1,4,2,1.39959075916613,0,NaN,0
5,1,2,2,4,0,1,2,1.16965799158884,0,NaN,0
5,1,2,1,5,1,5,2,1.31961414435664,0,NaN,0
5,1,2,2,8,1,8,1,1.25963168324952,0,NaN,0
5,1,2,2,8,1,8,1,1.2696287601007,0,NaN,0
5,1,2,1,1,1,1,1,1.20964629899358,0,NaN,0
5,1,2,1,6,0,1,2,1.16965799158884,0,NaN,0
5,1,2,2,4,1,4,1,1.0496930693746,0,NaN,0
5,1,2,1,2,1,2,2,1.25963168324952,0,NaN,0
5,1,2,2,3,0,1,2,1.24963460639833,0,NaN,0
5,1,2,2,6,1,6,2,1.24963460639833,0,NaN,0
5,1,2,1,2,1,2,1,1.2696287601007,0,NaN,0
5,1,2,2,8,1,8,1,1.37959660546376,0,NaN,0
5,1,2,1,2,0,7,1,1.29961999065426,0,NaN,0
5,1,2,1,4,1,4,2,1.07968429992816,0,NaN,0
5,1,2,2,8,0,7,1,1.28962291380308,0,NaN,0
5,1,2,1,2,1,2,2,1.12966968418409,0,NaN,0
5,1,2,1,5,1,5,2,1.22964045269596,0,NaN,0
5,1,2,2,5,1,5,1,1.37959660546376,0,NaN,0
5,1,2,1,3,1,3,1,1.37959660546376,0,NaN,0
5,1,2,2,3,1,3,1,1.27962583695189,0,NaN,0
5,1,2,1,3,0,8,1,1.20964629899358,0,NaN,0
5,1,2,2,7,0,2,2,1.18965214529121,0,NaN,0
5,1,2,1,7,1,7,2,1.3496053749102,0,NaN,0
5,1,2,2,6,1,6,2,1.14966383788646,0,NaN,0
5,1,2,1,4,1,4,1,1.13966676103528,0,NaN,0
5,1,2,2,3,1,3,2,1.13966676103528,0,NaN,0
5,1,2,1,3,1,3,1,1.22964045269596,0,NaN,0
5,1,2,2,5,1,5,1,1.17965506844002,0,NaN,0
5,1,2,2,7,1,7,2,1.35960245176138,0,NaN,0
5,1,2,2,4,1,4,1,1.31961414435664,0,NaN,0
5,1,2,1,7,1,7,1,1.20964629899358,0,NaN,0
5,1,2,2,5,1,5,1,1.1196726073329,0,NaN,0
5,1,2,2,7,1,7,1,1.31961414435664,0,NaN,0
5,1,2,2,8,1,8,1,1.08968137677934,0,NaN,0
5,1,2,2,5,1,5,2,1.06968722307697,0,NaN,0
5,1,2,2,4,1,4,1,1.27962583695189,0,NaN,0
5,1,2,1,6,1,6,1,1.03969599252341,0,NaN,0
5,1,2,1,4,0,6,2,1.31961414435664,0,NaN,0
5,1,2,1,1,1,1,1,1.35960245176138,0,NaN,0
5,1,1,2,2,1,2,1,1.24963460639833,1,0.672670055386334,1
5,1,1,1,3,1,3,2,1.07968429992816,2,0.519273879913271,1
5,1,1,2,3,1,3,2,1.14966383788646,2,0.571560410648999,1
5,1,1,2,2,0,5,2,1.22964045269596,1,0.862453774306232,0
5,1,1,1,8,1,8,2,1.00970476196985,2,0.526614681203682,1
5,1,1,1,5,1,5,1,1.09967845363053,2,0.942981349495312,0
5,1,1,1,2,1,2,1,1.31961414435664,1,0.62554044611079,1
5,1,1,1,1,1,1,1,1.01970183882104,1,0.764231070451387,1
5,1,1,1,6,1,6,2,1.08968137677934,2,0.546564965150537,1
5,1,1,2,6,1,6,1,1.1996492221424,1,0.645181394598694,1
5,1,1,2,7,1,7,2,1.33960829805901,2,0.553660863989535,1
5,1,1,1,7,1,7,2,1.08968137677934,2,0.592055809249359,1
5,1,1,1,6,1,6,2,1.31961414435664,2,0.620886444236021,1
5,1,1,2,5,1,5,2,1.22964045269596,2,0.458980264967977,1
5,1,1,2,4,1,4,1,1.2696287601007,2,0.439636107459592,0
5,1,1,2,2,1,2,1,1.38959368231494,1,0.648226852084917,1
5,1,1,2,4,1,4,1,1.3496053749102,1,0.566588235160452,1
5,1,1,2,6,1,6,1,1.38959368231494,1,0.669427022348827,1
5,1,1,1,5,0,8,2,1.25963168324952,2,0.837697814323292,1
5,1,1,1,4,1,4,2,1.21964337584477,2,0.434113970587532,1
5,1,1,1,8,1,8,1,1.27962583695189,1,0.544552431504599,1
5,1,1,2,7,0,4,1,1.02969891567222,2,0.969088406933224,0
5,1,1,2,4,1,4,1,1.18965214529121,1,0.479669817897047,1
5,1,1,2,5,1,5,1,1.33960829805901,1,0.551985890881951,1
5,1,1,2,2,0,8,2,1.37959660546376,2,0.706727176673667,1
5,1,1,1,3,1,3,2,1.37959660546376,2,0.467402172304901,1
5,1,1,2,7,1,7,1,1.29961999065426,1,0.593809185353166,1
5,1,1,1,6,1,6,2,1.00970476196985,2,0.486377122974773,1
5,1,1,1,3,1,3,2,1.29961999065426,2,0.366924313168056,1
5,1,1,1,8,1,8,2,1.17965506844002,2,0.783195757457179,1
5,1,1,2,2,1,2,1,1.00970476196985,1,0.533778149170757,1
5,1,1,2,4,1,4,2,1.05969014622578,2,0.596352293458949,1
5,1,1,1,7,1,7,1,1.14966383788646,1,0.540895145542891,1
5,1,1,1,6,1,6,1,1.02969891567222,2,0.953082221364639,0
5,1,1,1,7,1,7,1,1.05969014622578,1,0.811724469631372,1
5,1,1,2,3,1,3,1,1.30961706750545,1,0.570399761199042,1
5,1,1,2,1,1,1,2,1.1996492221424,2,0.652852343779159,1
5,1,1,2,5,1,5,2,1.10967553048172,2,0.543913233256717,1
5,1,1,2,8,0,1,2,1.00970476196985,2,0.651651780076463,1
5,1,1,1,8,1,8,1,1.38959368231494,1,0.6047029253441,1
5,1,1,1,5,1,5,1,1.29961999065426,1,0.65331677462018,1
5,1,1,1,6,0,5,1,1.05969014622578,2,0.663773738645432,0
5,1,1,2,8,1,8,1,1.07968429992816,1,0.632137701891224,1
5,1,1,1,7,1,7,2,1.29961999065426,1,0.666735661303392,0
5,1,1,2,7,1,7,2,1.08968137677934,2,0.587338799875397,1
5,1,1,2,7,1,7,2,1.24963460639833,2,0.537761876699733,1
5,1,1,2,5,1,5,1,1.18965214529121,1,0.520573659045112,1
5,1,1,2,3,0,6,2,1.28962291380308,1,0.68286643636111,0
5,1,1,2,4,0,2,2,1.05969014622578,2,0.743252424292223,1
5,1,1,2,2,1,2,2,1.31961414435664,2,0.799896736126357,1
5,1,1,2,4,0,7,2,1.31961414435664,1,0.742357489723872,0
5,1,1,1,1,1,1,1,1.00970476196985,1,0.850956188691271,1
5,1,1,1,4,1,4,1,1.38959368231494,2,0.565406773277573,0
5,1,1,2,1,1,1,2,1.20964629899358,2,0.526002567627074,1
5,1,1,1,8,1,8,2,1.35960245176138,2,0.612590266795451,1
5,1,1,2,6,0,5,1,1.06968722307697,1,0.813048197315766,1
5,1,1,1,3,1,3,2,1.10967553048172,2,0.609399407387173,1
5,1,1,1,4,1,4,1,1.38959368231494,1,0.614738223798668,1
5,1,1,1,2,1,2,2,1.38959368231494,2,0.488587232171994,1
5,1,1,2,1,1,1,2,1.38959368231494,2,0.563212914883479,1
5,1,1,2,1,0,2,2,1.23963752954714,2,0.66948375760785,1
5,1,1,1,2,1,2,1,1.07968429992816,1,0.612265250737437,1
5,1,1,1,5,0,2,1,1.00970476196985,1,0.696631721738413,1
5,1,1,2,1,1,1,1,1.21964337584477,1,0.519027551953513,1
5,1,1,1,2,1,2,1,1.3496053749102,1,0.558170034146315,1
5,1,1,1,8,1,8,2,1.1196726073329,2,0.376086629894417,1
5,1,1,1,1,1,1,1,1.10967553048172,1,0.576736433929909,1
5,1,1,2,3,1,3,1,1.31961414435664,1,0.651116643986825,1
5,1,1,1,7,0,4,2,1.36959952861257,1,0.699604193162486,0
5,1,1,2,8,1,8,2,1.3496053749102,1,0.873989563563555,0
5,1,1,1,1,0,4,1,1.33960829805901,1,0.641080205125036,1
5,1,1,1,5,1,5,1,1.23963752954714,1,0.587342791300216,1
5,1,1,2,1,1,1,2,1.12966968418409,1,1.04178993755977,0
5,1,1,1,3,0,1,1,0.999707685118665,1,0.598346580588441,1
5,1,1,2,3,1,3,1,1.05969014622578,1,0.704819275390946,1
5,1,1,2,8,0,6,1,0.999707685118665,2,0.69142148624087,0
5,1,1,1,6,1,6,1,1.31961414435664,1,0.675358565413262,1
5,1,1,1,5,1,5,2,1.36959952861257,2,0.558289491803407,1
5,1,1,1,4,1,4,2,1.07968429992816,2,0.456861388348443,1
5,1,1,1,6,1,6,2,1.01970183882104,2,0.657525732575778,1
5,1,1,1,4,1,4,1,1.35960245176138,0,NaN,0
5,1,1,1,5,1,5,1,1.28962291380308,2,0.960393086965269,0
5,1,1,1,8,1,8,2,1.10967553048172,2,0.570743023772593,1
5,1,1,2,3,1,3,2,1.2696287601007,2,0.455147356294219,1
5,1,1,2,4,1,4,2,1.35960245176138,2,1.00574793750275,1
5,1,1,2,6,1,6,2,1.10967553048172,2,0.788128018692987,1
5,1,1,2,8,0,5,1,1.18965214529121,1,0.77900932254397,1
5,1,1,2,7,1,7,1,1.21964337584477,1,0.543985934217744,1
5,1,1,1,1,1,1,1,1.18965214529121,1,0.559976724289299,1
5,1,1,1,5,1,5,1,1.23963752954714,1,0.636516295421643,1
5,1,1,2,7,0,3,1,1.13966676103528,2,1.66486681896822,0
5,1,1,1,2,0,1,1,1.2696287601007,1,1.1476565059229,1
5,1,1,2,8,1,8,1,1.0496930693746,1,0.616193668516644,1
5,1,1,2,6,1,6,1,1.21964337584477,1,0.610770176868755,1
5,1,1,1,3,1,3,2,1.05969014622578,2,0.367207704362954,1
5,1,1,2,8,1,8,2,1.38959368231494,2,0.443623541312263,1
5,1,1,2,5,1,5,1,1.17965506844002,1,0.680066166427423,1
5,1,1,2,7,1,7,2,1.02969891567222,2,0.386570963692066,1
5,1,1,2,2,1,2,1,1.02969891567222,1,0.739027785736653,1
5,1,1,1,2,1,2,2,1.32961122120782,2,0.557857562567733,1
5,1,1,1,4,1,4,2,1.31961414435664,2,0.548307792488231,1
5,1,1,2,4,0,3,2,1.27962583695189,2,0.638567317811066,1
5,1,1,2,5,1,5,1,1.15966091473765,1,0.50714850012173,1
5,1,1,1,3,0,8,2,1.22964045269596,2,0.667807929194169,1
5,1,1,1,1,1,1,1,1.28962291380308,1,0.614022048063816,1
5,1,1,1,1,1,1,1,1.35960245176138,1,0.501450455436498,1
5,1,1,2,6,1,6,2,1.08968137677934,2,0.420972773063113,1
5,1,1,2,1,0,4,2,1.12966968418409,2,0.599657763792493,1
5,1,1,2,8,1,8,1,1.31961414435664,1,0.736080118169411,1
5,1,1,1,4,1,4,1,1.00970476196985,1,0.574623544448514,1
5,1,1,2,2,1,2,1,1.32961122120782,1,0.633085095190836,1
5,1,1,2,2,1,2,1,1.20964629899358,1,0.537520680572925,1
5,1,1,2,7,1,7,1,1.16965799158884,1,0.550338287547675,1
5,1,1,2,3,1,3,1,1.10967553048172,1,0.430683055458758,1
5,1,1,1,8,0,2,2,1.3496053749102,2,0.679148993918716,1
5,1,1,1,1,0,2,2,1.07968429992816,2,0.717534530817829,1
5,1,1,1,7,1,7,1,1.39959075916613,1,0.576130592592563,1
5,1,1,2,3,0,1,2,1.38959368231494,2,0.5786751262076,1
5,1,1,1,6,1,6,1,1.13966676103528,1,0.521241937677587,1
5,1,1,1,8,1,8,1,1.17965506844002,1,0.420017396912044,1
5,1,1,2,1,1,1,2,1.13966676103528,2,0.380531937246815,1
5,1,1,1,7,1,7,1,1.09967845363053,1,0.545119498996428,1
5,1,1,1,2,0,8,2,1.15966091473765,2,0.663324703302351,1
5,1,1,1,7,1,7,2,1.1196726073329,2,0.359826133515526,1
5,1,1,1,7,0,3,1,1.09967845363053,2,0.822289202140382,0
5,1,1,1,4,1,4,2,1.24963460639833,2,0.394825231167488,1
5,1,1,1,2,1,2,1,1.23963752954714,1,0.671358016877093,1
5,1,1,2,5,1,5,2,1.15966091473765,2,0.413878869935616,1
5,1,1,1,3,1,3,2,1.33960829805901,2,0.458319398981985,1
5,1,1,1,2,1,2,1,1.17965506844002,2,0.388786774925393,0
5,1,1,2,3,1,3,1,1.32961122120782,1,0.601869298498059,1
5,1,1,1,1,1,1,1,1.17965506844002,1,0.525653317914475,1
5,1,1,2,6,1,6,2,1.38959368231494,2,0.350246427746242,1
5,1,1,1,8,1,8,1,1.22964045269596,1,0.494852629451088,1
5,1,1,1,5,1,5,2,1.32961122120782,2,0.359324639438455,1
5,1,1,1,6,0,1,2,1.07968429992816,1,0.691583709168299,0
5,1,1,1,3,1,3,1,1.1996492221424,1,0.760106217529028,1
5,1,1,2,8,1,8,1,1.13966676103528,1,0.576735578623811,1
5,1,1,1,6,0,3,2,1.22964045269596,2,0.764872549514621,1
5,1,1,2,8,1,8,2,1.32961122120782,2,0.377690327550226,1
5,1,1,1,4,1,4,2,1.30961706750545,2,0.378334372529025,1
5,1,1,2,6,1,6,2,1.3496053749102,2,0.330670482469031,1
5,1,1,1,4,1,4,2,1.1196726073329,2,0.349125122344049,1
5,1,1,2,7,1,7,2,1.08968137677934,2,0.577954388842954,1
5,1,1,1,1,1,1,1,1.15966091473765,1,0.530129416262753,1
5,1,1,2,7,1,7,1,1.27962583695189,1,0.656574347851347,1
5,1,1,1,1,1,1,2,1.37959660546376,1,0.617092309406871,0
5,1,1,1,6,1,6,1,1.17965506844002,1,0.608114738651238,1
5,1,1,1,5,1,5,1,1.23963752954714,1,0.558095337473787,1
5,1,1,1,5,0,2,2,1.2696287601007,2,0.594625146720318,1
5,1,1,1,2,1,2,2,1.02969891567222,2,0.477000694792878,1
5,1,1,2,1,1,1,2,1.2696287601007,2,0.557600115636887,1
5,1,1,1,2,1,2,2,1.31961414435664,2,0.417998305924812,1
5,1,1,1,3,1,3,2,1.33960829805901,2,0.374753493851131,1
5,1,1,1,4,0,6,1,1.02969891567222,2,0.717199536195949,0
5,1,1,2,3,1,3,1,1.28962291380308,1,0.80944451049254,1
5,1,1,2,4,1,4,2,1.17965506844002,2,0.898411669330926,1
5,1,1,1,6,1,6,2,1.32961122120782,2,0.714545523487686,1
5,1,1,1,5,1,5,1,1.38959368231494,1,0.399394557805863,1
5,1,1,2,5,0,4,2,1.37959660546376,2,0.59946845619379,1
5,1,2,1,5,1,5,1,1.02969891567222,0,NaN,0
5,1,2,2,4,1,4,1,1.39959075916613,0,NaN,0
5,1,2,1,7,1,7,1,1.35960245176138,0,NaN,0
5,1,2,2,5,0,8,1,1.03969599252341,0,NaN,0
5,1,2,1,1,0,7,2,1.02969891567222,0,NaN,0
5,1,2,2,2,1,2,2,1.37959660546376,0,NaN,0
5,1,2,2,6,0,5,2,1.29961999065426,0,NaN,0
5,1,2,2,7,0,6,2,1.16965799158884,0,NaN,0
5,1,2,1,1,1,1,1,1.25963168324952,0,NaN,0
5,1,2,2,8,1,8,1,1.14966383788646,0,NaN,0
5,1,2,1,4,1,4,1,1.21964337584477,0,NaN,0
5,1,2,2,8,1,8,1,1.14966383788646,0,NaN,0
5,1,2,2,5,1,5,1,1.35960245176138,0,NaN,0
5,1,2,1,7,1,7,1,1.00970476196985,0,NaN,0
5,1,2,2,5,1,5,2,1.20964629899358,0,NaN,0
5,1,2,1,8,1,8,2,1.13966676103528,0,NaN,0
5,1,2,1,1,1,1,2,1.39959075916613,0,NaN,0
5,1,2,2,3,1,3,2,1.32961122120782,0,NaN,0
5,1,2,1,7,0,8,2,1.31961414435664,0,NaN,0
5,1,2,2,8,1,8,2,1.33960829805901,0,NaN,0
5,1,2,1,4,0,7,2,1.06968722307697,0,NaN,0
5,1,2,2,3,1,3,2,1.18965214529121,0,NaN,0
5,1,2,2,4,1,4,1,1.20964629899358,0,NaN,0
5,1,2,1,4,1,4,2,1.16965799158884,0,NaN,0
5,1,2,1,2,1,2,1,1.2696287601007,0,NaN,0
5,1,2,1,1,1,1,2,1.13966676103528,0,NaN,0
5,1,2,2,7,1,7,2,1.32961122120782,0,NaN,0
5,1,2,2,6,1,6,1,1.37959660546376,0,NaN,0
5,1,2,1,5,1,5,1,1.03969599252341,0,NaN,0
5,1,2,1,5,0,4,2,1.02969891567222,0,NaN,0
5,1,2,2,2,1,2,1,1.30961706750545,0,NaN,0
5,1,2,1,1,1,1,2,1.37959660546376,0,NaN,0
5,1,2,2,6,0,5,1,1.10967553048172,0,NaN,0
5,1,2,1,2,1,2,2,1.25963168324952,0,NaN,0
5,1,2,1,4,0,6,1,1.10967553048172,0,NaN,0
5,1,2,1,3,1,3,2,1.03969599252341,0,NaN,0
5,1,2,1,2,1,2,1,1.13966676103528,0,NaN,0
5,1,2,2,3,1,3,2,1.16965799158884,0,NaN,0
5,1,2,2,3,1,3,2,1.02969891567222,0,NaN,0
5,1,2,2,8,1,8,2,1.12966968418409,0,NaN,0
5,1,2,2,8,0,2,2,1.32961122120782,0,NaN,0
5,1,2,2,6,1,6,1,1.30961706750545,0,NaN,0
5,1,2,2,2,1,2,1,1.02969891567222,0,NaN,0
5,1,2,2,2,1,2,1,1.23963752954714,0,NaN,0
5,1,2,1,3,1,3,2,1.24963460639833,0,NaN,0
5,1,2,1,1,1,1,1,1.09967845363053,0,NaN,0
5,1,2,1,1,1,1,2,1.00970476196985,0,NaN,0
5,1,2,2,2,1,2,2,1.00970476196985,0,NaN,0
5,1,2,1,7,1,7,2,1.20964629899358,0,NaN,0
5,1,2,2,8,1,8,1,1.22964045269596,0,NaN,0
5,1,2,1,4,1,4,1,1.1196726073329,0,NaN,0
5,1,2,2,7,1,7,1,1.37959660546376,0,NaN,0
5,1,2,1,1,0,6,1,1.14966383788646,0,NaN,0
5,1,2,1,5,1,5,2,1.13966676103528,0,NaN,0
5,1,2,2,4,1,4,1,1.32961122120782,0,NaN,0
5,1,2,2,1,1,1,2,1.12966968418409,0,NaN,0
5,1,2,1,3,0,4,2,1.38959368231494,0,NaN,0
5,1,2,1,8,1,8,1,1.32961122120782,0,NaN,0
5,1,2,2,6,1,6,2,1.23963752954714,0,NaN,0
5,1,2,2,8,0,6,1,1.13966676103528,0,NaN,0
5,1,2,2,5,1,5,2,1.20964629899358,0,NaN,0
5,1,2,2,3,1,3,1,1.38959368231494,0,NaN,0
5,1,2,2,1,1,1,1,1.18965214529121,0,NaN,0
5,1,2,1,6,1,6,2,1.16965799158884,0,NaN,0
5,1,2,1,7,1,7,1,1.00970476196985,0,NaN,0
5,1,2,1,7,1,7,1,1.2696287601007,0,NaN,0
5,1,2,2,2,0,3,2,1.37959660546376,0,NaN,0
5,1,2,2,3,0,1,2,1.35960245176138,0,NaN,0
5,1,2,2,3,1,3,2,1.25963168324952,0,NaN,0
5,1,2,1,6,1,6,1,1.17965506844002,0,NaN,0
5,1,2,1,7,1,7,2,1.17965506844002,0,NaN,0
5,1,2,1,8,1,8,2,1.09967845363053,0,NaN,0
5,1,2,2,5,1,5,1,1.20964629899358,0,NaN,0
5,1,2,2,4,1,4,1,1.39959075916613,0,NaN,0
5,1,2,1,2,0,5,1,1.31961414435664,0,NaN,0
5,1,2,2,4,1,4,1,1.00970476196985,0,NaN,0
5,1,2,1,5,1,5,2,1.39959075916613,0,NaN,0
5,1,2,1,6,1,6,1,1.10967553048172,0,NaN,0
5,1,2,1,6,1,6,2,1.21964337584477,0,NaN,0
5,1,2,1,6,1,6,1,1.17965506844002,0,NaN,0
5,1,2,1,7,1,7,2,1.31961414435664,0,NaN,0
5,1,2,1,7,1,7,2,1.00970476196985,0,NaN,0
5,1,2,1,5,1,5,2,1.3496053749102,0,NaN,0
5,1,2,1,3,0,2,1,1.35960245176138,0,NaN,0
5,1,2,2,5,1,5,1,1.21964337584477,0,NaN,0
5,1,2,1,8,1,8,2,1.17965506844002,0,NaN,0
5,1,2,1,4,1,4,2,1.25963168324952,0,NaN,0
5,1,2,2,6,1,6,2,1.3496053749102,0,NaN,0
5,1,2,2,5,0,7,2,1.28962291380308,0,NaN,0
5,1,2,1,4,0,5,2,1.01970183882104,0,NaN,0
5,1,2,2,3,1,3,1,1.1996492221424,0,NaN,0
5,1,2,1,3,1,3,1,1.30961706750545,0,NaN,0
5,1,2,2,2,0,7,2,1.16965799158884,0,NaN,0
5,1,2,2,1,1,1,2,1.22964045269596,0,NaN,0
5,1,2,1,5,1,5,1,1.13966676103528,0,NaN,0
5,1,2,1,1,1,1,1,1.09967845363053,0,NaN,0
5,1,2,2,8,0,2,2,1.24963460639833,0,NaN,0
5,1,2,1,3,1,3,1,1.32961122120782,0,NaN,0
5,1,2,1,4,1,4,2,1.03969599252341,0,NaN,0
5,1,2,2,8,1,8,1,1.31961414435664,0,NaN,0
5,1,2,2,7,1,7,1,1.31961414435664,0,NaN,0
5,1,2,1,1,1,1,2,1.17965506844002,0,NaN,0
5,1,2,1,7,1,7,2,1.14966383788646,0,NaN,0
5,1,2,1,6,1,6,1,1.0496930693746,0,NaN,0
5,1,2,2,6,1,6,2,1.3496053749102,0,NaN,0
5,1,2,2,1,0,2,2,1.07968429992816,0,NaN,0
5,1,2,2,6,1,6,1,1.18965214529121,0,NaN,0
5,1,2,2,6,1,6,1,1.14966383788646,0,NaN,0
5,1,2,1,4,1,4,1,1.32961122120782,0,NaN,0
5,1,2,2,2,1,2,1,1.1996492221424,0,NaN,0
5,1,2,1,7,1,7,1,1.37959660546376,0,NaN,0
5,1,2,2,6,1,6,1,1.01970183882104,0,NaN,0
5,1,2,1,3,1,3,1,1.22964045269596,0,NaN,0
5,1,2,1,2,1,2,1,1.12966968418409,0,NaN,0
5,1,2,1,7,1,7,2,1.03969599252341,0,NaN,0
5,1,2,1,1,1,1,2,1.15966091473765,0,NaN,0
5,1,2,1,1,1,1,1,1.09967845363053,0,NaN,0
5,1,2,1,5,1,5,2,1.30961706750545,0,NaN,0
5,1,2,2,8,1,8,1,1.08968137677934,0,NaN,0
5,1,2,1,6,1,6,1,1.31961414435664,0,NaN,0
5,1,2,2,1,1,1,1,1.18965214529121,0,NaN,0
5,1,2,1,2,1,2,1,1.1196726073329,0,NaN,0
5,1,2,2,5,1,5,1,1.00970476196985,0,NaN,0
5,1,2,2,1,1,1,1,1.08968137677934,0,NaN,0
5,1,2,2,5,1,5,2,1.06968722307697,0,NaN,0
5,1,2,1,6,0,7,2,1.21964337584477,0,NaN,0
5,1,2,1,5,1,5,2,1.37959660546376,0,NaN,0
5,1,2,2,4,1,4,1,1.16965799158884,0,NaN,0
5,1,2,1,8,0,3,2,1.18965214529121,0,NaN,0
5,1,2,1,2,1,2,2,0.999707685118665,0,NaN,0
5,1,2,1,3,1,3,1,1.14966383788646,0,NaN,0
5,1,2,1,3,1,3,1,1.07968429992816,0,NaN,0
5,1,2,2,4,1,4,1,1.1996492221424,0,NaN,0
5,1,2,2,4,0,6,1,1.02969891567222,0,NaN,0
5,1,2,1,8,1,8,1,1.00970476196985,0,NaN,0
5,1,2,1,3,1,3,2,1.3496053749102,0,NaN,0
5,1,2,2,2,1,2,1,1.14966383788646,0,NaN,0
5,1,2,2,5,0,7,1,1.24963460639833,0,NaN,0
5,1,2,1,8,1,8,2,1.12966968418409,0,NaN,0
5,1,2,2,4,1,4,2,1.16965799158884,0,NaN,0
5,1,2,1,7,0,4,1,1.3496053749102,0,NaN,0
5,1,2,2,1,1,1,2,1.15966091473765,0,NaN,0
5,1,2,2,7,1,7,2,1.09967845363053,0,NaN,0
5,1,2,2,7,1,7,2,1.08968137677934,0,NaN,0
5,1,2,2,2,1,2,1,1.12966968418409,0,NaN,0
5,1,2,2,4,1,4,1,1.37959660546376,0,NaN,0
5,1,2,2,8,1,8,2,1.37959660546376,0,NaN,0
5,1,2,1,3,1,3,2,1.1996492221424,0,NaN,0
5,1,2,2,8,1,8,1,1.35960245176138,0,NaN,0
5,1,2,1,6,0,8,2,1.1196726073329,0,NaN,0
5,1,2,1,2,1,2,2,1.27962583695189,0,NaN,0
5,1,2,2,5,1,5,1,1.3496053749102,0,NaN,0
5,1,2,2,1,0,7,1,1.06968722307697,0,NaN,0
5,1,2,1,2,0,1,2,1.05969014622578,0,NaN,0
5,1,2,1,6,1,6,2,1.07968429992816,0,NaN,0
5,1,2,2,4,1,4,2,1.0496930693746,0,NaN,0
5,1,2,1,7,0,1,1,1.0496930693746,0,NaN,0
5,1,2,2,2,1,2,2,1.14966383788646,0,NaN,0
5,1,2,2,8,1,8,2,1.28962291380308,0,NaN,0
5,1,2,2,3,0,7,2,1.16965799158884,0,NaN,0
5,1,1,1,3,1,3,1,1.3496053749102,1,0.499542554153777,1
5,1,1,2,5,0,2,2,1.15966091473765,2,0.656128448626987,1
5,1,1,2,8,1,8,1,1.08968137677934,1,0.492668464518829,1
5,1,1,1,3,1,3,2,1.2696287601007,2,0.529178601740568,1
5,1,1,1,2,1,2,1,1.24963460639833,1,0.385336472874769,1
5,1,1,2,2,0,3,2,1.39959075916613,2,0.554006977581594,1
5,1,1,1,3,1,3,1,1.20964629899358,1,0.47055311746044,1
5,1,1,1,2,0,4,2,1.24963460639833,2,0.544960982392695,1
5,1,1,1,1,1,1,2,1.30961706750545,2,0.413642235437692,1
5,1,1,2,5,1,5,1,1.37959660546376,1,0.872035475787925,1
5,1,1,1,1,0,4,1,1.20964629899358,1,0.644744903734136,1
5,1,1,2,2,1,2,2,1.27962583695189,2,0.357468341582717,1
5,1,1,1,6,1,6,1,1.20964629899358,1,0.671672199066961,1
5,1,1,1,6,1,6,1,1.0496930693746,1,0.403889472872834,1
5,1,1,1,6,1,6,2,1.22964045269596,2,0.414481290051299,1
5,1,1,1,3,1,3,2,1.27962583695189,2,0.416907506416464,1
5,1,1,2,2,1,2,2,1.14966383788646,2,0.46541814883949,1
5,1,1,1,7,1,7,2,1.18965214529121,2,0.386537321679498,1
5,1,1,1,7,1,7,1,1.02969891567222,2,0.528372048733218,0
5,1,1,2,6,1,6,2,1.0496930693746,2,0.388745720265433,1
5,1,1,2,2,1,2,1,1.16965799158884,1,0.459502286373208,1
5,1,1,2,7,0,1,1,1.35960245176138,1,0.685794717006502,1
5,1,1,2,8,0,2,1,1.1996492221424,1,0.69054821941063,1
5,1,1,1,2,1,2,2,1.16965799158884,2,0.636948794860473,1
5,1,1,1,4,1,4,1,1.23963752954714,1,0.327301149331106,1
5,1,1,2,6,0,8,1,1.30961706750545,1,0.573752843534749,1
5,1,1,1,6,1,6,1,1.28962291380308,1,0.562436012462967,1
5,1,1,2,5,1,5,2,1.17965506844002,2,0.520788055602679,1
5,1,1,1,4,1,4,2,1.07968429992816,2,0.597952284791972,1
5,1,1,2,4,1,4,1,1.20964629899358,1,0.737805839398789,1
5,1,1,2,4,1,4,2,1.21964337584477,2,0.370576467297724,1
5,1,1,1,5,0,2,2,1.22964045269596,2,0.62073020844673,1
5,1,1,2,3,1,3,1,1.22964045269596,1,0.529204260903498,1
5,1,1,1,6,1,6,1,1.13966676103528,1,0.658000997285853,1
5,1,1,2,8,1,8,2,1.14966383788646,2,0.598485710270324,1
5,1,1,2,3,1,3,2,1.35960245176138,2,0.686701910952252,1
5,1,1,1,2,1,2,1,1.39959075916613,1,0.599566531214805,1
5,1,1,1,1,1,1,1,1.23963752954714,1,0.711733849481789,1
5,1,1,2,6,1,6,2,1.30961706750545,2,0.422297926254942,1
5,1,1,2,8,1,8,2,1.08968137677934,2,0.359140463671793,1
5,1,1,2,7,1,7,2,1.16965799158884,2,0.335701959134894,1
5,1,1,2,1,0,6,1,1.22964045269596,1,0.697896718449556,1
5,1,1,1,4,1,4,2,1.33960829805901,2,0.502448881959026,1
5,1,1,2,5,1,5,2,1.02969891567222,2,0.55498259596061,1
5,1,1,1,6,1,6,2,1.31961414435664,2,0.407421314039311,1
5,1,1,1,2,1,2,1,1.38959368231494,1,0.524031373743128,1
5,1,1,1,3,1,3,2,1.18965214529121,2,0.362272592108638,1
5,1,1,2,1,1,1,1,1.20964629899358,1,0.538874343945281,1
5,1,1,1,7,0,6,1,1.09967845363053,1,0.689362481001808,1
5,1,1,2,4,1,4,1,1.00970476196985,1,0.533907585389898,1
5,1,1,1,6,0,4,1,1.01970183882104,1,0.510329095865018,1
5,1,1,2,8,1,8,1,1.36959952861257,1,0.438947301497137,1
5,1,1,2,3,0,8,2,1.38959368231494,1,0.671369706051337,0
5,1,1,2,7,1,7,1,1.33960829805901,1,0.523885401618827,1
5,1,1,2,1,1,1,2,1.20964629899358,2,0.394371919296646,1
5,1,1,1,3,0,4,1,1.0496930693746,1,0.618850817344537,1
5,1,1,1,8,1,8,2,1.10967553048172,2,0.34519043232558,1
5,1,1,1,4,0,2,1,1.15966091473765,1,0.53848689059123,1
5,1,1,1,1,1,1,2,1.38959368231494,2,0.296216784569879,1
5,1,1,1,7,1,7,2,1.3496053749102,2,0.444839215411776,1
5,1,1,2,7,1,7,1,1.10967553048172,1,0.523733157254355,1
5,1,1,2,8,1,8,1,1.24963460639833,1,0.487858226854769,1
5,1,1,1,8,1,8,1,1.02969891567222,1,0.584184718600227,1
5,1,1,2,5,1,5,1,1.32961122120782,1,0.436833556711463,1
5,1,1,2,1,1,1,2,1.23963752954714,2,0.512940343302034,1
5,1,1,2,5,1,5,1,1.31961414435664,1,0.550076564089977,1
5,1,1,1,4,0,7,2,1.15966091473765,1,0.720113846853565,0
5,1,1,2,4,1,4,1,1.18965214529121,2,0.614727960133678,0
5,1,1,1,3,1,3,1,1.13966676103528,1,0.455148496700531,1
5,1,1,1,5,1,5,1,1.27962583695189,1,0.625677294977322,1
5,1,1,2,8,0,7,2,1.29961999065426,2,0.640122548159525,1
5,1,1,2,2,1,2,1,1.09967845363053,1,0.522595030846787,1
5,1,1,2,7,1,7,2,1.35960245176138,2,0.633110469251733,1
5,1,1,1,4,1,4,2,1.24963460639833,1,0.617798506579675,0
5,1,1,1,5,1,5,2,1.07968429992816,2,0.432135364056194,1
5,1,1,1,7,1,7,2,1.28962291380308,2,0.348646721515252,1
5,1,1,1,5,1,5,2,1.23963752954714,2,0.351245709574869,1
5,1,1,1,1,1,1,1,1.33960829805901,1,0.497620112678305,1
5,1,1,1,8,1,8,2,0.999707685118665,2,0.407748896014709,1
5,1,1,2,1,1,1,2,1.06968722307697,2,0.340537855960974,1
5,1,2,2,4,0,3,2,1.16965799158884,0,NaN,0
5,1,2,2,4,1,4,1,1.05969014622578,0,NaN,0
5,1,2,2,8,1,8,2,1.15966091473765,0,NaN,0
5,1,2,1,3,1,3,1,1.03969599252341,0,NaN,0
5,1,2,2,6,1,6,2,1.08968137677934,0,NaN,0
5,1,2,1,3,1,3,1,1.29961999065426,0,NaN,0
5,1,2,1,8,0,2,2,1.00970476196985,0,NaN,0
5,1,2,1,1,1,1,2,1.06968722307697,0,NaN,0
5,1,2,2,3,1,3,1,1.16965799158884,0,NaN,0
5,1,2,1,8,1,8,2,1.39959075916613,0,NaN,0
5,1,2,2,6,0,4,1,1.23963752954714,0,NaN,0
5,1,2,2,1,1,1,2,1.18965214529121,0,NaN,0
5,1,2,1,8,1,8,1,1.28962291380308,0,NaN,0
5,1,2,1,6,1,6,1,1.2696287601007,0,NaN,0
5,1,2,2,1,1,1,1,1.01970183882104,0,NaN,0
5,1,2,2,1,1,1,1,1.24963460639833,0,NaN,0
5,1,2,1,4,1,4,2,1.12966968418409,0,NaN,0
5,1,2,2,6,1,6,1,1.38959368231494,0,NaN,0
5,1,2,2,3,1,3,2,1.1196726073329,0,NaN,0
5,1,2,2,6,1,6,1,1.08968137677934,0,NaN,0
5,1,2,2,5,1,5,1,1.37959660546376,0,NaN,0
5,1,2,1,2,0,4,1,1.10967553048172,0,NaN,0
5,1,2,1,2,1,2,2,1.25963168324952,0,NaN,0
5,1,2,1,8,1,8,2,1.08968137677934,0,NaN,0
5,1,2,2,2,1,2,1,1.31961414435664,0,NaN,0
5,1,2,1,7,1,7,2,1.2696287601007,0,NaN,0
5,1,2,2,7,1,7,1,1.35960245176138,0,NaN,0
5,1,2,2,2,1,2,2,1.1996492221424,0,NaN,0
5,1,2,2,2,1,2,2,1.06968722307697,0,NaN,0
5,1,2,2,4,1,4,2,1.0496930693746,0,NaN,0
5,1,2,1,6,1,6,2,1.17965506844002,0,NaN,0
5,1,2,1,5,1,5,1,1.28962291380308,0,NaN,0
5,1,2,1,4,1,4,2,1.0496930693746,0,NaN,0
5,1,2,2,8,0,3,2,1.2696287601007,0,NaN,0
5,1,2,1,3,0,8,1,1.0496930693746,0,NaN,0
5,1,2,2,2,0,3,1,1.1196726073329,0,NaN,0
5,1,2,2,7,1,7,2,1.13966676103528,0,NaN,0
5,1,2,1,7,1,7,1,1.28962291380308,0,NaN,0
5,1,2,1,7,1,7,1,1.09967845363053,0,NaN,0
5,1,2,1,8,1,8,1,1.36959952861257,0,NaN,0
5,1,2,2,3,1,3,2,1.14966383788646,0,NaN,0
5,1,2,2,2,1,2,1,1.17965506844002,0,NaN,0
5,1,2,2,4,1,4,1,1.1996492221424,0,NaN,0
5,1,2,1,5,0,1,2,1.14966383788646,0,NaN,0
5,1,2,2,6,0,7,2,1.00970476196985,0,NaN,0
5,1,2,1,7,0,1,2,1.38959368231494,0,NaN,0
5,1,2,2,5,0,7,2,1.25963168324952,0,NaN,0
5,1,2,2,8,1,8,1,1.29961999065426,0,NaN,0
5,1,2,2,4,1,4,1,1.01970183882104,0,NaN,0
5,1,2,2,8,1,8,1,1.37959660546376,0,NaN,0
5,1,2,2,2,1,2,1,1.18965214529121,0,NaN,0
5,1,2,1,1,1,1,1,1.37959660546376,0,NaN,0
5,1,2,2,7,1,7,2,1.29961999065426,0,NaN,0
5,1,2,2,8,1,8,1,1.29961999065426,0,NaN,0
5,1,2,1,4,1,4,1,1.21964337584477,0,NaN,0
5,1,2,1,1,0,2,2,1.21964337584477,0,NaN,0
5,1,2,2,5,1,5,2,1.03969599252341,0,NaN,0
5,1,2,2,3,1,3,1,1.15966091473765,0,NaN,0
5,1,2,2,2,1,2,2,1.15966091473765,0,NaN,0
5,1,2,2,5,1,5,2,1.28962291380308,0,NaN,0
5,1,2,2,6,1,6,1,1.37959660546376,0,NaN,0
5,1,2,1,6,1,6,2,1.14966383788646,0,NaN,0
5,1,2,2,4,0,3,2,1.05969014622578,0,NaN,0
5,1,2,1,1,0,3,1,1.08968137677934,0,NaN,0
5,1,2,1,5,1,5,1,1.23963752954714,0,NaN,0
5,1,2,2,4,1,4,1,1.36959952861257,0,NaN,0
5,1,2,1,5,1,5,2,1.07968429992816,0,NaN,0
5,1,2,1,1,1,1,2,1.1996492221424,0,NaN,0
5,1,2,1,5,1,5,2,1.2696287601007,0,NaN,0
5,1,2,2,2,1,2,2,1.31961414435664,0,NaN,0
5,1,2,1,1,1,1,2,1.14966383788646,0,NaN,0
5,1,2,2,5,1,5,1,1.12966968418409,0,NaN,0
5,1,2,2,3,1,3,1,1.14966383788646,0,NaN,0
5,1,2,1,6,1,6,1,1.20964629899358,0,NaN,0
5,1,2,2,7,1,7,1,1.12966968418409,0,NaN,0
5,1,2,1,7,1,7,2,1.38959368231494,0,NaN,0
5,1,2,1,3,1,3,2,1.28962291380308,0,NaN,0
5,1,2,2,7,0,6,2,1.24963460639833,0,NaN,0
5,1,2,2,1,1,1,1,1.30961706750545,0,NaN,0
5,1,2,1,3,0,4,2,1.10967553048172,0,NaN,0
5,1,1,1,5,1,5,2,1.22964045269596,0,NaN,0
5,1,1,2,7,0,5,2,1.12966968418409,1,0.845889929605619,0
5,1,1,1,4,1,4,2,1.15966091473765,2,0.532486352889464,1
5,1,1,1,8,1,8,2,1.3496053749102,2,0.329108979880402,1
5,1,1,1,4,1,4,2,1.36959952861257,2,0.341476126002817,1
5,1,1,2,3,0,7,1,1.1196726073329,1,0.944073004309757,1
5,1,1,2,3,1,3,2,1.1196726073329,2,0.361106525724608,1
5,1,1,2,4,1,4,1,1.31961414435664,1,0.468880995371364,1
5,1,1,1,4,0,3,2,1.30961706750545,2,0.614150914077982,1
5,1,1,1,5,1,5,1,1.08968137677934,1,0.40802630007056,1
5,1,1,1,4,1,4,1,1.21964337584477,1,0.448569202333601,1
5,1,1,2,2,1,2,1,1.14966383788646,1,0.462987085744317,1
5,1,1,1,8,1,8,2,1.16965799158884,2,0.327468218989452,1
5,1,1,1,5,0,4,1,1.2696287601007,2,0.677759122616408,0
5,1,1,2,8,1,8,2,1.28962291380308,2,0.356334206599058,1
5,1,1,1,1,1,1,2,1.30961706750545,2,0.35524540280494,1
5,1,1,1,1,0,7,1,1.31961414435664,1,0.649296554060129,1
5,1,1,2,5,1,5,2,1.16965799158884,2,0.559892049053815,1
5,1,1,1,4,1,4,1,1.0496930693746,1,0.514356158868395,1
5,1,1,2,2,1,2,2,1.13966676103528,2,0.348709729014445,1
5,1,1,2,1,1,1,2,1.18965214529121,2,0.541219591397748,1
5,1,1,1,1,1,1,1,1.0496930693746,1,0.465690991268275,1
5,1,1,2,1,0,6,2,1.18965214529121,2,0.690038457383707,1
5,1,1,2,6,1,6,2,1.1996492221424,2,0.516718797531212,1
5,1,1,1,5,1,5,1,1.25963168324952,1,0.41918689535305,1
5,1,1,1,5,0,2,2,1.38959368231494,2,0.547651773233156,1
5,1,1,1,6,1,6,1,1.16965799158884,1,0.562304580531418,1
5,1,1,1,3,1,3,1,1.23963752954714,2,0.404632163077622,0
5,1,1,2,7,1,7,2,1.10967553048172,2,0.598939877445446,1
5,1,1,1,6,1,6,2,1.15966091473765,2,0.345583587715737,1
5,1,1,2,8,1,8,2,1.03969599252341,2,0.743944366375217,1
5,1,1,1,2,1,2,1,1.10967553048172,1,0.586660542679965,1
5,1,1,2,1,1,1,1,1.28962291380308,1,0.395135992135693,1
5,1,1,2,4,1,4,1,1.38959368231494,1,0.409505978441302,1
5,1,1,2,2,1,2,2,1.06968722307697,2,0.356840832509988,1
5,1,1,2,7,1,7,1,1.28962291380308,1,0.404026321739366,1
5,1,1,1,5,1,5,2,1.38959368231494,2,0.386924204829484,1
5,1,1,2,6,1,6,1,1.24963460639833,1,0.313434652813157,1
5,1,1,1,2,1,2,1,1.30961706750545,1,0.573831246530972,1
5,1,1,1,2,1,2,1,1.05969014622578,1,0.552747968007679,1
5,1,1,1,3,1,3,2,1.03969599252341,2,0.357692716703241,1
5,1,1,2,8,0,3,1,1.28962291380308,1,0.652012148757422,1
5,1,1,2,4,1,4,1,1.15966091473765,1,0.478154216698385,1
5,1,1,1,8,0,3,2,1.25963168324952,1,0.620622439964791,0
5,1,1,2,3,1,3,2,1.24963460639833,2,0.379189392844637,1
5,1,1,1,4,1,4,1,1.3496053749102,1,0.289651745293668,1
5,1,1,2,8,1,8,1,1.27962583695189,2,0.283909509827936,0
5,1,1,2,1,1,1,2,1.17965506844002,2,0.444342568065622,1
5,1,1,1,3,1,3,2,1.06968722307697,2,0.405016480310223,1
5,1,1,1,7,1,7,1,1.30961706750545,1,0.571693838293868,1
5,1,1,1,8,1,8,2,0.999707685118665,2,0.382040981103273,1
5,1,1,1,5,1,5,2,1.00970476196985,2,0.460701139467346,1
5,1,1,2,4,0,8,1,1.06968722307697,1,0.544923348954399,1
5,1,1,2,8,1,8,2,1.10967553048172,1,0.641837435521666,0
5,1,1,1,6,1,6,1,1.07968429992816,1,0.591875339805483,1
5,1,1,2,6,1,6,1,1.35960245176138,1,0.392345700764054,1
5,1,1,1,6,0,7,1,1.3496053749102,1,0.617320390851091,1
5,1,1,1,3,1,3,1,1.01970183882104,1,0.529359356285568,1
5,1,1,1,5,1,5,1,1.07968429992816,1,0.457880342200951,1
5,1,1,1,2,0,4,1,1.09967845363053,1,0.678340160096923,1
5,1,1,2,7,0,8,1,1.03969599252341,1,0.656806420722205,1
5,1,1,2,2,0,5,1,1.20964629899358,1,0.623245661676265,1
5,1,1,1,8,1,8,1,1.01970183882104,1,0.457628597307121,1
5,1,1,1,6,1,6,2,1.2696287601007,2,0.366220396810604,1
5,1,1,2,7,1,7,1,1.03969599252341,1,0.420380331510387,1
5,1,1,1,7,1,7,1,0.999707685118665,1,0.571139030180348,1
5,1,1,2,7,1,7,2,1.07968429992816,2,0.515503408534641,1
5,1,1,1,1,1,1,2,1.00970476196985,2,0.350080783595331,1
5,1,1,1,1,1,1,2,1.21964337584477,2,0.350996530594784,1
5,1,1,2,3,0,8,1,1.06968722307697,2,0.702889991471238,0
5,1,1,1,3,1,3,2,1.33960829805901,2,0.505552785314649,1
5,1,1,2,1,1,1,2,1.12966968418409,1,0.613933666503726,0
5,1,1,1,2,1,2,2,1.35960245176138,2,0.314419109347,1
5,1,1,1,7,1,7,2,1.32961122120782,2,0.286993456058553,1
5,1,1,2,6,0,7,2,1.02969891567222,2,0.561281350150239,1
5,1,1,1,6,1,6,1,1.06968722307697,1,0.677843227649646,1
5,1,1,1,5,1,5,2,1.32961122120782,2,0.398269546079973,1
5,1,1,1,7,1,7,2,1.2696287601007,2,0.338639933239392,1
5,1,1,1,3,1,3,1,1.18965214529121,1,0.473717747501723,1
5,1,1,2,2,1,2,1,1.22964045269596,1,0.599782638384568,1
