subject,session,trial,task,cuecol,cueloc,validity,targloc,targtilt,delay,resp,time,corr
10,2,1,2,2,6,1,6,1,1.37985117657057,0,NaN,0
10,2,2,2,2,6,0,8,2,1.11987921576742,0,NaN,0
10,2,3,2,1,7,1,7,1,1.06988460792066,0,NaN,0
10,2,4,2,2,1,0,4,2,1.38985009813992,0,NaN,0
10,2,5,2,2,5,1,5,2,1.16987382361418,0,NaN,0
10,2,6,2,1,5,0,3,2,1.0398878432126,0,NaN,0
10,2,7,2,2,5,1,5,2,1.22986735303029,0,NaN,0
10,2,8,2,2,5,1,5,1,1.2698630393077,0,NaN,0
10,2,9,2,1,3,0,4,2,1.00989107850455,0,NaN,0
10,2,10,2,1,3,1,3,2,1.38985009813992,0,NaN,0
10,2,11,2,1,7,1,7,1,1.05988568635131,0,NaN,0
10,2,12,2,2,8,1,8,2,1.15987490204483,0,NaN,0
10,2,13,2,2,6,1,6,1,1.19987058832223,0,NaN,0
10,2,14,2,2,5,1,5,2,1.29985980401575,0,NaN,0
10,2,15,2,1,6,1,6,1,1.20986950989159,0,NaN,0
10,2,16,2,2,1,0,5,2,1.29985980401575,0,NaN,0
10,2,17,2,2,8,1,8,1,1.37985117657057,0,NaN,0
10,2,18,2,2,8,1,8,2,1.36985225500122,0,NaN,0
10,2,19,2,1,6,0,2,2,1.11987921576742,0,NaN,0
10,2,20,2,2,8,1,8,2,1.29985980401575,0,NaN,0
10,2,21,2,2,2,0,5,1,1.35985333343187,0,NaN,0
10,2,22,2,1,7,0,6,1,1.04988676478196,0,NaN,0
10,2,23,2,1,4,0,1,1,1.19987058832223,0,NaN,0
10,2,24,2,2,2,1,2,2,1.14987598047547,0,NaN,0
10,2,25,2,1,3,1,3,1,1.23986627459964,0,NaN,0
10,2,26,2,2,2,1,2,1,1.39984901970927,0,NaN,0
10,2,27,2,2,5,0,1,2,1.2698630393077,0,NaN,0
10,2,28,2,1,7,0,6,2,1.30985872558511,0,NaN,0
10,2,29,2,1,1,1,1,2,1.06988460792066,0,NaN,0
10,2,30,2,2,4,1,4,2,1.2698630393077,0,NaN,0
10,2,31,2,1,2,1,2,2,1.25986411773835,0,NaN,0
10,2,32,2,1,8,1,8,2,1.2698630393077,0,NaN,0
10,2,33,2,2,1,1,1,1,1.16987382361418,0,NaN,0
10,2,34,2,2,1,1,1,1,1.21986843146094,0,NaN,0
10,2,35,2,2,1,1,1,2,1.19987058832223,0,NaN,0
10,2,36,2,2,2,1,2,1,1.22986735303029,0,NaN,0
10,2,37,2,1,1,1,1,1,1.2898608824464,0,NaN,0
10,2,38,2,1,2,1,2,2,1.36985225500122,0,NaN,0
10,2,39,2,1,2,1,2,1,1.2698630393077,0,NaN,0
10,2,40,2,2,1,1,1,1,1.22986735303029,0,NaN,0
10,2,41,2,1,3,1,3,1,1.38985009813992,0,NaN,0
10,2,42,2,2,7,1,7,1,1.16987382361418,0,NaN,0
10,2,43,2,1,2,1,2,2,0.999892156935195,0,NaN,0
10,2,44,2,1,5,1,5,2,1.25986411773835,0,NaN,0
10,2,45,2,1,7,1,7,2,1.32985656872381,0,NaN,0
10,2,46,2,1,6,1,6,2,1.36985225500122,0,NaN,0
10,2,47,2,2,6,1,6,1,1.09988137262871,0,NaN,0
10,2,48,2,2,4,1,4,2,1.14987598047547,0,NaN,0
10,2,49,2,2,4,1,4,2,1.22986735303029,0,NaN,0
10,2,50,2,1,6,1,6,2,1.2898608824464,0,NaN,0
10,2,51,2,1,7,1,7,1,1.32985656872381,0,NaN,0
10,2,52,2,1,4,1,4,1,1.19987058832223,0,NaN,0
10,2,53,2,2,3,1,3,1,1.2898608824464,0,NaN,0
10,2,54,2,1,4,1,4,2,1.15987490204483,0,NaN,0
10,2,55,2,1,8,0,1,2,1.20986950989159,0,NaN,0
10,2,56,2,1,7,1,7,1,1.16987382361418,0,NaN,0
10,2,57,2,1,4,1,4,1,1.25986411773835,0,NaN,0
10,2,58,2,1,8,0,4,1,1.35985333343187,0,NaN,0
10,2,59,2,1,7,1,7,1,1.12987813733677,0,NaN,0
10,2,60,2,2,6,1,6,1,1.19987058832223,0,NaN,0
10,2,61,2,1,5,1,5,1,1.10988029419807,0,NaN,0
10,2,62,2,1,1,1,1,1,1.10988029419807,0,NaN,0
10,2,63,2,1,3,1,3,2,1.16987382361418,0,NaN,0
10,2,64,2,1,1,1,1,2,1.15987490204483,0,NaN,0
10,2,65,2,1,8,1,8,1,1.30985872558511,0,NaN,0
10,2,66,2,1,5,1,5,2,1.0398878432126,0,NaN,0
10,2,67,2,2,7,1,7,2,1.0198900000739,0,NaN,0
10,2,68,2,1,2,0,5,2,1.20986950989159,0,NaN,0
10,2,69,2,2,4,1,4,1,1.09988137262871,0,NaN,0
10,2,70,2,1,2,1,2,1,1.31985764715446,0,NaN,0
10,2,71,2,2,5,1,5,2,1.20986950989159,0,NaN,0
10,2,72,2,2,3,1,3,2,1.37985117657057,0,NaN,0
10,2,73,2,2,4,0,1,1,1.11987921576742,0,NaN,0
10,2,74,2,2,3,1,3,2,1.31985764715446,0,NaN,0
10,2,75,2,1,8,1,8,1,1.17987274518353,0,NaN,0
10,2,76,2,1,3,0,1,2,1.10988029419807,0,NaN,0
10,2,77,2,1,4,1,4,1,1.07988352949001,0,NaN,0
10,2,78,2,2,3,1,3,1,1.35985333343187,0,NaN,0
10,2,79,2,2,8,1,8,1,1.13987705890612,0,NaN,0
10,2,80,2,2,6,1,6,1,1.04988676478196,0,NaN,0
10,2,81,1,1,3,0,4,2,1.04988676478196,2,1.1024612816982,1
10,2,82,1,1,2,1,2,1,1.0198900000739,1,1.25013848207891,1
10,2,83,1,2,3,0,1,1,1.0198900000739,1,0.842803690698929,1
10,2,84,1,1,4,1,4,2,1.15987490204483,2,0.937026085914113,1
10,2,85,1,1,1,0,6,2,1.13987705890612,1,0.86347984499298,0
10,2,86,1,2,8,1,8,1,1.32985656872381,1,0.688897743704729,1
10,2,87,1,2,7,1,7,2,1.05988568635131,1,0.655975705594756,0
10,2,88,1,2,8,1,8,1,1.39984901970927,1,0.722821078263223,1
10,2,89,1,1,7,0,8,2,1.06988460792066,1,0.897145686089061,0
10,2,90,1,2,1,0,6,2,1.18987166675288,1,0.757437501917593,0
10,2,91,1,2,3,1,3,1,1.0398878432126,2,1.53188134764787,0
10,2,92,1,2,6,0,2,2,1.25986411773835,2,0.724051794502884,1
10,2,93,1,2,1,1,1,1,1.04988676478196,2,1.03785033675376,0
10,2,94,1,1,5,1,5,2,1.12987813733677,2,0.728633850580081,1
10,2,95,1,2,4,1,4,1,1.0198900000739,2,1.20843117625918,0
10,2,96,1,1,8,1,8,1,1.13987705890612,1,0.661125877522863,1
10,2,97,1,1,2,1,2,2,1.13987705890612,2,0.709953346289694,1
10,2,98,1,2,8,1,8,2,1.2698630393077,2,1.26456717401743,1
10,2,99,1,1,2,1,2,2,1.22986735303029,2,0.740530472830869,1
10,2,100,1,2,3,1,3,1,1.33985549029316,2,1.19423280970659,0
10,2,101,1,1,6,1,6,1,1.23986627459964,1,0.75901627226267,1
10,2,102,1,1,2,1,2,2,1.0198900000739,2,0.685537045937963,1
10,2,103,1,1,7,1,7,2,1.04988676478196,1,0.666566446423531,0
10,2,104,1,2,1,1,1,2,1.20986950989159,2,0.715389689081348,1
10,2,105,1,1,8,1,8,2,1.08988245105936,2,0.770243954728357,1
10,2,106,1,1,5,1,5,1,1.35985333343187,1,0.798116342979483,1
10,2,107,1,1,4,0,3,1,1.29985980401575,2,0.916857070056722,0
10,2,108,1,2,6,1,6,2,1.10988029419807,2,0.866500941105187,1
10,2,109,1,1,8,1,8,1,1.09988137262871,1,0.819396535400301,1
10,2,110,1,1,2,1,2,2,1.06988460792066,2,0.634378249873407,1
10,2,111,1,2,6,0,5,1,1.04988676478196,1,0.952004177845083,1
10,2,112,1,1,5,1,5,2,1.16987382361418,2,0.838851331383921,1
10,2,113,1,1,1,1,1,1,1.33985549029316,2,0.922514984034933,0
10,2,114,1,1,5,0,7,1,1.10988029419807,1,0.677338006207719,1
10,2,115,1,2,5,1,5,1,1.38985009813992,1,0.907136916881427,1
10,2,116,1,1,7,0,4,1,1.07988352949001,2,0.78000486001838,0
10,2,117,1,2,8,0,4,2,0.999892156935195,2,1.21376337471884,1
10,2,118,1,2,4,1,4,1,1.10988029419807,1,0.827846427564509,1
10,2,119,1,2,5,1,5,2,1.33985549029316,1,0.803094450035132,0
10,2,120,1,2,8,0,7,2,1.12987813733677,2,0.877150244312361,1
10,2,121,1,1,3,1,3,2,1.29985980401575,2,0.647782703279518,1
10,2,122,1,2,1,1,1,1,1.15987490204483,1,0.747892734128982,1
10,2,123,1,2,4,1,4,2,1.08988245105936,2,0.64631169999484,1
10,2,124,1,1,5,1,5,2,1.24986519616899,2,1.05814825044945,1
10,2,125,1,2,6,1,6,1,1.31985764715446,1,0.708910995628685,1
10,2,126,1,2,6,1,6,1,1.20986950989159,1,0.805075006675906,1
10,2,127,1,1,4,1,4,2,1.05988568635131,2,0.951503076823428,1
10,2,128,1,1,2,1,2,2,1.2698630393077,2,0.682500252849422,1
10,2,129,1,2,4,0,5,1,1.31985764715446,2,0.803970773122273,0
10,2,130,1,2,5,1,5,2,1.19987058832223,2,0.781482504447922,1
10,2,131,1,2,7,1,7,2,1.35985333343187,2,1.14871079672594,1
10,2,132,1,1,8,1,8,1,1.38985009813992,1,1.21939955407288,1
10,2,133,1,1,1,1,1,2,1.39984901970927,2,0.691171414218843,1
10,2,134,1,2,1,1,1,1,1.34985441186251,2,0.960554893943481,0
10,2,135,1,1,5,0,3,1,1.35985333343187,1,0.82677690894343,1
10,2,136,1,2,6,1,6,2,1.12987813733677,2,0.81266246153973,1
10,2,137,1,2,8,1,8,1,1.38985009813992,1,0.793346525053494,1
10,2,138,1,2,1,1,1,1,1.05988568635131,2,0.905125267687254,0
10,2,139,1,2,3,1,3,2,1.38985009813992,2,0.858039276092313,1
10,2,140,1,1,7,1,7,1,1.0198900000739,1,0.719677725690417,1
10,2,141,1,2,4,1,4,2,1.21986843146094,2,0.710490369703621,1
10,2,142,1,2,7,1,7,2,1.24986519616899,1,0.794961217441596,0
10,2,143,1,2,2,0,8,1,1.19987058832223,1,0.743171818787232,1
10,2,144,1,2,3,1,3,2,1.16987382361418,2,0.849263970041648,1
10,2,145,1,1,6,1,6,2,1.04988676478196,1,1.25764201767743,0
10,2,146,1,1,4,1,4,1,1.10988029419807,1,0.986084483796731,1
10,2,147,1,2,2,1,2,2,1.16987382361418,2,0.63243029487785,1
10,2,148,1,2,6,1,6,2,1.18987166675288,1,0.73601663892623,0
10,2,149,1,1,5,1,5,1,1.14987598047547,1,1.16706769843586,1
10,2,150,1,2,4,1,4,1,1.12987813733677,2,0.945915799937211,0
10,2,151,1,1,1,1,1,1,1.24986519616899,1,0.820216711144894,1
10,2,152,1,1,3,1,3,2,1.06988460792066,1,1.06700174021535,0
10,2,153,1,1,2,1,2,2,1.09988137262871,2,0.766826505889185,1
10,2,154,1,1,3,1,3,2,1.06988460792066,2,0.648822337039746,1
10,2,155,1,1,2,0,1,1,1.38985009813992,2,0.802968571078964,0
10,2,156,1,2,7,1,7,1,1.09988137262871,1,0.657962601515464,1
10,2,157,1,2,6,1,6,1,1.34985441186251,1,0.799901591031812,1
10,2,158,1,1,3,1,3,1,1.06988460792066,1,0.888091152068228,1
10,2,159,1,1,7,1,7,1,1.12987813733677,1,0.72589107695967,1
10,2,160,1,1,7,1,7,1,1.15987490204483,1,0.712530394433998,1
10,2,161,2,1,2,1,2,2,1.11987921576742,0,NaN,0
10,2,162,2,1,8,1,8,1,1.15987490204483,0,NaN,0
10,2,163,2,2,1,1,1,1,1.02988892164325,0,NaN,0
10,2,164,2,2,5,1,5,1,1.24986519616899,0,NaN,0
10,2,165,2,1,3,1,3,2,1.12987813733677,0,NaN,0
10,2,166,2,2,8,1,8,1,1.21986843146094,0,NaN,0
10,2,167,2,1,2,1,2,2,1.02988892164325,0,NaN,0
10,2,168,2,1,8,1,8,2,1.0398878432126,0,NaN,0
10,2,169,2,1,7,1,7,2,1.02988892164325,0,NaN,0
10,2,170,2,2,4,1,4,1,1.22986735303029,0,NaN,0
10,2,171,2,2,1,1,1,1,1.18987166675288,0,NaN,0
10,2,172,2,1,2,1,2,1,1.39984901970927,0,NaN,0
10,2,173,2,1,8,1,8,1,1.35985333343187,0,NaN,0
10,2,174,2,1,5,1,5,2,1.22986735303029,0,NaN,0
10,2,175,2,1,8,1,8,1,1.37985117657057,0,NaN,0
10,2,176,2,2,8,1,8,1,1.32985656872381,0,NaN,0
10,2,177,2,2,3,1,3,2,1.2898608824464,0,NaN,0
10,2,178,2,1,1,1,1,1,1.04988676478196,0,NaN,0
10,2,179,2,2,6,0,2,2,1.38985009813992,0,NaN,0
10,2,180,2,1,7,1,7,2,1.37985117657057,0,NaN,0
10,2,181,2,2,6,0,3,2,1.12987813733677,0,NaN,0
10,2,182,2,2,4,1,4,2,1.25986411773835,0,NaN,0
10,2,183,2,2,5,0,2,1,1.15987490204483,0,NaN,0
10,2,184,2,1,1,1,1,2,1.06988460792066,0,NaN,0
10,2,185,2,1,4,1,4,1,1.00989107850455,0,NaN,0
10,2,186,2,2,3,1,3,2,1.30985872558511,0,NaN,0
10,2,187,2,1,2,1,2,2,1.21986843146094,0,NaN,0
10,2,188,2,1,2,1,2,2,1.05988568635131,0,NaN,0
10,2,189,2,1,2,1,2,1,1.36985225500122,0,NaN,0
10,2,190,2,2,6,1,6,2,1.09988137262871,0,NaN,0
10,2,191,2,1,8,1,8,2,1.27986196087705,0,NaN,0
10,2,192,2,1,6,1,6,1,1.35985333343187,0,NaN,0
10,2,193,2,1,3,0,6,2,1.27986196087705,0,NaN,0
10,2,194,2,2,7,0,5,2,1.35985333343187,0,NaN,0
10,2,195,2,1,4,0,3,1,1.25986411773835,0,NaN,0
10,2,196,2,2,4,0,5,1,1.38985009813992,0,NaN,0
10,2,197,2,2,3,1,3,1,1.25986411773835,0,NaN,0
10,2,198,2,1,2,0,3,1,1.08988245105936,0,NaN,0
10,2,199,2,1,1,1,1,2,1.10988029419807,0,NaN,0
10,2,200,2,1,6,1,6,2,1.29985980401575,0,NaN,0
10,2,201,2,2,8,0,6,1,1.07988352949001,0,NaN,0
10,2,202,2,2,5,1,5,2,1.22986735303029,0,NaN,0
10,2,203,2,2,1,1,1,1,1.07988352949001,0,NaN,0
10,2,204,2,2,6,1,6,2,1.23986627459964,0,NaN,0
10,2,205,2,2,1,0,7,1,1.31985764715446,0,NaN,0
10,2,206,2,2,2,1,2,2,1.23986627459964,0,NaN,0
10,2,207,2,2,5,1,5,2,1.25986411773835,0,NaN,0
10,2,208,2,2,6,1,6,1,1.20986950989159,0,NaN,0
10,2,209,2,2,4,1,4,2,1.0198900000739,0,NaN,0
10,2,210,2,1,2,1,2,1,1.38985009813992,0,NaN,0
10,2,211,2,1,1,1,1,2,1.35985333343187,0,NaN,0
10,2,212,2,2,6,1,6,2,1.25986411773835,0,NaN,0
10,2,213,2,2,3,1,3,1,1.11987921576742,0,NaN,0
10,2,214,2,2,3,0,2,2,1.11987921576742,0,NaN,0
10,2,215,2,1,2,0,7,2,1.11987921576742,0,NaN,0
10,2,216,2,1,1,1,1,1,1.22986735303029,0,NaN,0
10,2,217,2,1,7,0,1,2,1.17987274518353,0,NaN,0
10,2,218,2,1,4,1,4,2,1.31985764715446,0,NaN,0
10,2,219,2,1,6,1,6,1,1.15987490204483,0,NaN,0
10,2,220,2,1,5,0,6,1,1.17987274518353,0,NaN,0
10,2,221,2,2,8,1,8,1,1.34985441186251,0,NaN,0
10,2,222,2,2,7,1,7,1,1.31985764715446,0,NaN,0
10,2,223,2,2,7,1,7,2,1.33985549029316,0,NaN,0
10,2,224,2,2,3,1,3,2,1.33985549029316,0,NaN,0
10,2,225,2,2,1,0,2,1,1.16987382361418,0,NaN,0
10,2,226,2,2,5,1,5,2,1.21986843146094,0,NaN,0
10,2,227,2,2,4,1,4,1,1.14987598047547,0,NaN,0
10,2,228,2,1,7,1,7,1,1.06988460792066,0,NaN,0
10,2,229,2,2,7,1,7,2,1.36985225500122,0,NaN,0
10,2,230,2,1,6,1,6,1,1.08988245105936,0,NaN,0
10,2,231,2,2,7,1,7,1,1.02988892164325,0,NaN,0
10,2,232,2,1,4,1,4,2,1.22986735303029,0,NaN,0
10,2,233,2,1,5,1,5,1,1.29985980401575,0,NaN,0
10,2,234,2,2,3,1,3,1,1.11987921576742,0,NaN,0
10,2,235,2,2,3,1,3,2,1.27986196087705,0,NaN,0
10,2,236,2,2,4,1,4,1,1.20986950989159,0,NaN,0
10,2,237,2,2,5,1,5,2,1.11987921576742,0,NaN,0
10,2,238,2,1,7,1,7,2,1.02988892164325,0,NaN,0
10,2,239,2,2,8,0,4,1,1.38985009813992,0,NaN,0
10,2,240,2,2,5,1,5,1,0.999892156935195,0,NaN,0
10,2,241,1,2,8,1,8,1,1.10988029419807,1,1.18639782303944,1
10,2,242,1,2,5,0,1,2,1.24986519616899,1,0.752117076539434,0
10,2,243,1,1,6,1,6,1,1.2698630393077,1,0.664955678279512,1
10,2,244,1,2,6,1,6,1,1.02988892164325,1,0.768704729271121,1
10,2,245,1,1,6,1,6,1,1.19987058832223,1,0.939544571563601,1
10,2,246,1,2,1,1,1,1,1.02988892164325,2,0.827393021667376,0
10,2,247,1,1,3,1,3,1,1.30985872558511,2,0.708133685286157,0
10,2,248,1,1,5,1,5,1,1.22986735303029,2,0.891936046187766,0
10,2,249,1,1,3,1,3,2,1.38985009813992,2,0.803025624132715,1
10,2,250,1,2,5,0,7,2,1.06988460792066,2,0.74617963260971,1
10,2,251,1,2,3,1,3,1,1.31985764715446,2,0.695327232591808,0
10,2,252,1,2,2,0,1,2,1.15987490204483,2,0.759360100026242,1
10,2,253,1,1,3,1,3,2,1.04988676478196,2,0.64246771147009,1
10,2,254,1,1,1,1,1,2,1.07988352949001,2,0.715716612292454,1
10,2,255,1,1,2,1,2,1,1.2898608824464,1,0.956601327285171,1
10,2,256,1,2,8,1,8,1,1.14987598047547,1,0.674389358609915,1
10,2,257,1,2,6,1,6,2,1.35985333343187,2,0.781215351191349,1
10,2,258,1,1,4,1,4,1,1.2898608824464,1,0.79057990363799,1
10,2,259,1,2,3,0,6,1,1.12987813733677,1,0.837820451823063,1
10,2,260,1,2,6,0,8,2,1.2698630393077,2,1.04068910446949,1
10,2,261,1,1,1,1,1,1,1.10988029419807,1,0.828306776471436,1
10,2,262,1,2,4,1,4,2,1.34985441186251,2,1.05910577613395,1
10,2,263,1,1,2,1,2,2,1.21986843146094,2,0.672876093769446,1
10,2,264,1,2,5,1,5,2,1.08988245105936,2,0.957642168505117,1
10,2,265,1,1,8,1,8,2,1.05988568635131,2,0.755964687443338,1
10,2,266,1,2,1,1,1,2,1.09988137262871,2,0.638181184302084,1
10,2,267,1,1,3,1,3,1,1.31985764715446,1,0.904088350827806,1
10,2,268,1,1,4,0,5,1,1.07988352949001,1,0.970920743071474,1
10,2,269,1,1,2,1,2,2,1.06988460792066,2,0.651105063618161,1
10,2,270,1,2,2,1,2,1,1.2698630393077,2,0.74841919215396,0
10,2,271,1,1,1,1,1,2,1.06988460792066,2,0.849336116574705,1
10,2,272,1,1,1,1,1,1,1.11987921576742,2,0.726620994042605,0
10,2,273,1,1,8,0,7,1,1.16987382361418,1,0.837777888518758,1
10,2,274,1,2,1,1,1,2,1.0398878432126,2,0.814718485344201,1
10,2,275,1,2,6,1,6,2,1.00989107850455,2,1.01640743738972,1
10,2,276,1,1,4,1,4,1,1.05988568635131,1,0.993167517124675,1
10,2,277,1,2,3,1,3,2,1.2898608824464,2,0.751004088786431,1
10,2,278,1,2,1,1,1,2,1.17987274518353,1,1.00617350474931,0
10,2,279,1,2,8,1,8,1,1.09988137262871,1,0.849190616048872,1
10,2,280,1,2,7,1,7,1,1.32985656872381,1,0.767425714060664,1
10,2,281,1,1,5,1,5,1,1.34985441186251,1,0.930928350077011,1
10,2,282,1,1,2,1,2,2,1.34985441186251,2,0.680163793615066,1
10,2,283,1,1,2,0,7,2,1.07988352949001,2,0.664092033635825,1
10,2,284,1,2,8,0,3,2,1.32985656872381,2,0.780956348404288,1
10,2,285,1,2,4,1,4,2,1.29985980401575,2,0.772214549710043,1
10,2,286,1,1,7,0,3,2,1.22986735303029,2,0.701005069888197,1
10,2,287,1,2,5,1,5,1,1.34985441186251,1,0.79699399729725,1
10,2,288,1,1,7,1,7,1,1.22986735303029,2,0.85227812314406,0
10,2,289,1,1,8,1,8,1,1.2898608824464,2,0.889363526250236,0
10,2,290,1,2,4,1,4,1,1.08988245105936,1,1.01986141235102,1
10,2,291,1,2,4,1,4,1,1.2898608824464,1,0.829053899971768,1
10,2,292,1,2,7,0,2,1,1.2698630393077,2,0.702783978660591,0
10,2,293,1,1,7,1,7,2,1.35985333343187,2,0.683389254380018,1
10,2,294,1,2,6,0,7,2,1.23986627459964,1,0.765264338348061,0
10,2,295,1,1,8,1,8,2,1.36985225500122,2,0.899375887704082,1
10,2,296,1,1,6,1,6,1,1.35985333343187,1,0.747788589680567,1
10,2,297,1,2,3,1,3,1,1.04988676478196,1,0.834549710969441,1
10,2,298,1,2,2,1,2,2,1.30985872558511,2,0.69644142780453,1
10,2,299,1,2,5,1,5,2,1.29985980401575,2,0.841192922438495,1
10,2,300,1,2,8,1,8,2,1.00989107850455,2,0.779552359832451,1
10,2,301,1,1,7,1,7,2,1.04988676478196,1,0.889939490472898,0
10,2,302,1,1,7,1,7,1,1.07988352949001,1,0.933619504212402,1
10,2,303,1,1,2,1,2,1,1.27986196087705,2,0.676591788302176,0
10,2,304,1,1,5,1,5,1,1.05988568635131,1,0.908242961508222,1
10,2,305,1,2,7,1,7,2,1.21986843146094,2,0.628970282617956,1
10,2,306,1,2,4,0,2,1,1.0198900000739,2,0.907509723911062,0
10,2,307,1,1,2,1,2,2,1.23986627459964,2,0.605551656452008,1
10,2,308,1,1,4,1,4,2,1.22986735303029,1,0.941266427282244,0
10,2,309,1,1,1,0,6,1,1.16987382361418,1,0.688302761642262,1
10,2,310,1,1,6,1,6,2,1.35985333343187,1,0.755056366324425,0
10,2,311,1,1,1,0,8,2,1.06988460792066,2,0.752702398807742,1
10,2,312,1,1,7,1,7,2,1.13987705890612,1,0.673744568252005,0
10,2,313,1,2,5,1,5,1,1.20986950989159,1,0.673343083588406,1
10,2,314,1,1,3,0,4,2,1.22986735303029,2,0.754715255345218,1
10,2,315,1,2,4,1,4,1,1.29985980401575,1,0.828245497192256,1
10,2,316,1,1,7,1,7,1,1.14987598047547,1,0.666948007768951,1
10,2,317,1,1,6,1,6,2,1.11987921576742,2,0.694677914259955,1
10,2,318,1,1,8,1,8,1,1.25986411773835,1,0.685527386260219,1
10,2,319,1,2,3,1,3,1,1.02988892164325,1,0.723297124262899,1
10,2,320,1,1,5,1,5,2,1.20986950989159,2,0.768067485652864,1
10,2,321,1,1,3,1,3,2,1.25986411773835,1,1.04197838320397,0
10,2,322,1,1,3,0,1,2,1.09988137262871,2,0.614819309208542,1
10,2,323,1,2,3,1,3,2,0.999892156935195,2,0.81657708727289,1
10,2,324,1,2,1,1,1,1,1.2898608824464,1,0.675557889975607,1
10,2,325,1,1,6,1,6,1,1.30985872558511,1,0.677097115549259,1
10,2,326,1,2,2,0,3,1,1.0398878432126,2,0.616019838722423,0
10,2,327,1,1,1,0,4,1,1.2898608824464,1,0.673885842552409,1
10,2,328,1,2,7,1,7,2,1.02988892164325,1,0.645291687571444,0
10,2,329,1,1,2,1,2,2,1.25986411773835,2,0.852450791629963,1
10,2,330,1,1,4,1,4,1,1.31985764715446,1,0.71335992787499,1
10,2,331,1,1,2,1,2,1,1.22986735303029,1,0.718997013056651,1
10,2,332,1,1,4,1,4,1,1.30985872558511,1,0.731723168864846,1
10,2,333,1,1,6,1,6,1,1.17987274518353,1,0.635591759695671,1
10,2,334,1,2,3,1,3,2,1.19987058832223,2,0.738282461068593,1
10,2,335,1,1,4,1,4,1,1.29985980401575,1,0.714285455527715,1
10,2,336,1,2,7,1,7,1,1.00989107850455,1,0.705574749386869,1
10,2,337,1,2,1,1,1,1,1.14987598047547,1,0.739291606121697,1
10,2,338,1,1,2,1,2,1,1.25986411773835,2,0.617531594354659,0
10,2,339,1,1,6,1,6,2,1.06988460792066,1,0.939341414370574,0
10,2,340,1,2,4,0,1,1,1.37985117657057,1,0.728173803538084,1
10,2,341,1,2,4,0,1,2,1.24986519616899,1,0.931923609343357,0
10,2,342,1,2,1,1,1,1,1.19987058832223,1,0.77073720714543,1
10,2,343,1,2,1,1,1,1,1.36985225500122,1,1.01616171689238,1
10,2,344,1,1,5,1,5,1,1.36985225500122,1,1.03525004489347,1
10,2,345,1,2,2,1,2,2,1.36985225500122,2,0.694062707130797,1
10,2,346,1,2,6,0,1,1,1.04988676478196,2,0.769896504469216,0
10,2,347,1,1,8,1,8,1,1.20986950989159,1,0.886549813556485,1
10,2,348,1,1,7,1,7,1,1.12987813733677,1,0.858445288729854,1
10,2,349,1,2,5,0,8,2,1.08988245105936,2,1.04783341707662,1
10,2,350,1,1,7,1,7,2,1.30985872558511,1,0.632908453932032,0
10,2,351,1,1,8,1,8,1,1.38985009813992,1,0.703671772731468,1
10,2,352,1,1,4,1,4,2,1.12987813733677,1,0.700725539936684,0
10,2,353,1,1,6,0,4,1,1.23986627459964,1,0.750276284874417,1
10,2,354,1,2,3,1,3,1,1.02988892164325,1,0.73118614545092,1
10,2,355,1,1,6,1,6,2,1.33985549029316,2,1.00560508714989,1
10,2,356,1,2,6,1,6,2,1.37985117657057,2,0.773799961083569,1
10,2,357,1,2,3,1,3,2,1.04988676478196,2,0.81939713913016,1
10,2,358,1,1,8,1,8,1,1.02988892164325,1,0.716352044604719,1
10,2,359,1,1,6,1,6,2,1.10988029419807,1,0.726052576326765,0
10,2,360,1,2,1,1,1,2,1.35985333343187,2,0.738932684878819,1
10,2,361,1,2,7,1,7,1,1.02988892164325,1,0.931593365501612,1
10,2,362,1,1,4,1,4,2,1.30985872558511,2,0.865459194290452,1
10,2,363,1,1,5,1,5,1,1.32985656872381,2,0.908051275415346,0
10,2,364,1,2,3,1,3,1,1.27986196087705,1,0.969956576242112,1
10,2,365,1,1,1,1,1,1,1.33985549029316,1,0.73077379364986,1
10,2,366,1,2,5,1,5,1,1.14987598047547,2,0.925527627812698,0
10,2,367,1,2,5,1,5,2,1.35985333343187,1,1.25310826045461,0
10,2,368,1,2,7,0,2,2,1.33985549029316,2,0.885962076252326,1
10,2,369,1,1,5,0,2,2,1.06988460792066,0,NaN,0
10,2,370,1,1,8,0,6,2,1.22986735303029,2,0.522497777594253,1
10,2,371,1,1,8,1,8,2,1.07988352949001,2,1.05431452544872,1
10,2,372,1,1,2,1,2,2,1.39984901970927,2,0.779142121085897,1
10,2,373,1,1,4,1,4,2,1.04988676478196,2,0.676890033879317,1
10,2,374,1,1,5,1,5,2,1.10988029419807,2,0.640316901146434,1
10,2,375,1,2,8,1,8,2,1.22986735303029,1,0.83617255394347,0
10,2,376,1,2,4,1,4,2,1.33985549029316,2,0.802217824966647,1
10,2,377,1,2,3,0,2,2,1.33985549029316,2,0.765242000110447,1
10,2,378,1,1,8,0,6,1,1.0398878432126,1,0.984919876675121,1
10,2,379,1,2,1,1,1,2,1.35985333343187,2,0.860317776561715,1
10,2,380,1,2,4,1,4,1,1.07988352949001,2,0.839423069730401,0
10,2,381,1,1,7,1,7,2,1.2898608824464,1,0.862256977241486,0
10,2,382,1,2,7,1,7,1,1.21986843146094,1,0.716734813409857,1
10,2,383,1,2,2,1,2,1,1.04988676478196,1,0.730854090536013,1
10,2,384,1,1,6,1,6,1,1.18987166675288,1,0.718717483105138,1
10,2,385,1,1,1,1,1,2,1.39984901970927,2,0.732160575687885,1
10,2,386,1,1,1,0,5,1,1.09988137262871,1,0.735159031581134,1
10,2,387,1,1,3,1,3,2,1.09988137262871,2,0.98891449731309,1
10,2,388,1,2,8,1,8,1,1.10988029419807,1,0.695767960045487,1
10,2,389,1,2,2,1,2,2,1.34985441186251,2,0.780897785909474,1
10,2,390,1,2,5,1,5,2,1.20986950989159,2,0.846938981907442,1
10,2,391,1,1,8,1,8,2,1.00989107850455,2,0.823690005578101,1
10,2,392,1,1,3,1,3,1,1.2698630393077,1,1.21717116376385,1
10,2,393,1,1,5,1,5,2,1.34985441186251,2,0.793729897472076,1
10,2,394,1,1,5,1,5,1,1.24986519616899,2,0.874664964154363,0
10,2,395,1,2,7,0,8,1,1.30985872558511,2,0.764262136188336,0
10,2,396,1,2,7,1,7,2,1.17987274518353,2,1.02716662059538,1
10,2,397,1,1,2,1,2,2,1.31985764715446,2,0.68964547093492,1
10,2,398,1,2,2,0,1,1,1.20986950989159,1,0.863981549744494,1
10,2,399,1,2,8,1,8,2,1.23986627459964,2,0.847584074013866,1
10,2,400,1,2,6,1,6,1,1.06988460792066,1,0.768316526897252,1
10,2,401,2,1,4,1,4,1,1.0198900000739,0,NaN,0
10,2,402,2,1,6,1,6,1,1.27986196087705,0,NaN,0
10,2,403,2,1,5,1,5,2,1.30985872558511,0,NaN,0
10,2,404,2,1,4,0,6,1,1.13987705890612,0,NaN,0
10,2,405,2,1,4,1,4,1,1.32985656872381,0,NaN,0
10,2,406,2,1,6,0,5,2,1.31985764715446,0,NaN,0
10,2,407,2,2,2,1,2,1,1.23986627459964,0,NaN,0
10,2,408,2,1,8,1,8,1,1.38985009813992,0,NaN,0
10,2,409,2,1,3,1,3,1,1.38985009813992,0,NaN,0
10,2,410,2,1,8,0,5,1,1.10988029419807,0,NaN,0
10,2,411,2,2,4,1,4,2,1.21986843146094,0,NaN,0
10,2,412,2,2,2,1,2,2,1.30985872558511,0,NaN,0
10,2,413,2,2,8,1,8,1,1.0398878432126,0,NaN,0
10,2,414,2,2,2,1,2,2,1.29985980401575,0,NaN,0
10,2,415,2,2,7,1,7,1,1.32985656872381,0,NaN,0
10,2,416,2,1,1,1,1,1,1.13987705890612,0,NaN,0
10,2,417,2,2,4,1,4,2,1.02988892164325,0,NaN,0
10,2,418,2,1,1,1,1,1,1.2898608824464,0,NaN,0
10,2,419,2,1,4,0,3,1,1.15987490204483,0,NaN,0
10,2,420,2,2,1,1,1,2,1.30985872558511,0,NaN,0
10,2,421,2,2,1,1,1,2,1.39984901970927,0,NaN,0
10,2,422,2,1,3,0,4,2,1.39984901970927,0,NaN,0
10,2,423,2,2,2,1,2,2,1.16987382361418,0,NaN,0
10,2,424,2,1,5,0,1,1,1.13987705890612,0,NaN,0
10,2,425,2,1,3,1,3,2,1.32985656872381,0,NaN,0
10,2,426,2,2,5,1,5,1,1.31985764715446,0,NaN,0
10,2,427,2,2,2,1,2,1,1.2698630393077,0,NaN,0
10,2,428,2,1,1,1,1,2,1.07988352949001,0,NaN,0
10,2,429,2,2,3,0,2,1,1.34985441186251,0,NaN,0
10,2,430,2,2,3,1,3,2,1.30985872558511,0,NaN,0
10,2,431,2,1,2,0,3,2,1.16987382361418,0,NaN,0
10,2,432,2,1,6,1,6,2,1.02988892164325,0,NaN,0
10,2,433,2,1,3,1,3,1,1.2898608824464,0,NaN,0
10,2,434,2,1,2,1,2,2,1.32985656872381,0,NaN,0
10,2,435,2,2,5,1,5,2,1.0398878432126,0,NaN,0
10,2,436,2,2,1,1,1,1,1.33985549029316,0,NaN,0
10,2,437,2,2,8,1,8,1,1.25986411773835,0,NaN,0
10,2,438,2,1,4,1,4,2,1.18987166675288,0,NaN,0
10,2,439,2,2,6,1,6,2,1.16987382361418,0,NaN,0
10,2,440,2,2,5,1,5,1,1.35985333343187,0,NaN,0
10,2,441,2,1,6,1,6,1,1.10988029419807,0,NaN,0
10,2,442,2,2,2,1,2,1,1.17987274518353,0,NaN,0
10,2,443,2,2,5,1,5,2,1.10988029419807,0,NaN,0
10,2,444,2,1,6,1,6,2,1.04988676478196,0,NaN,0
10,2,445,2,1,7,1,7,2,1.0198900000739,0,NaN,0
10,2,446,2,1,8,1,8,1,1.38985009813992,0,NaN,0
10,2,447,2,1,8,1,8,1,1.27986196087705,0,NaN,0
10,2,448,2,2,1,0,8,2,1.27986196087705,0,NaN,0
10,2,449,2,1,8,1,8,1,1.29985980401575,0,NaN,0
10,2,450,2,2,8,1,8,2,1.22986735303029,0,NaN,0
10,2,451,2,2,1,1,1,1,1.07988352949001,0,NaN,0
10,2,452,2,2,7,1,7,1,1.04988676478196,0,NaN,0
10,2,453,2,2,4,1,4,2,1.19987058832223,0,NaN,0
10,2,454,2,2,1,0,3,2,1.35985333343187,0,NaN,0
10,2,455,2,2,5,1,5,2,1.00989107850455,0,NaN,0
10,2,456,2,2,6,0,4,1,1.15987490204483,0,NaN,0
10,2,457,2,1,4,1,4,1,1.13987705890612,0,NaN,0
10,2,458,2,1,7,1,7,2,1.05988568635131,0,NaN,0
10,2,459,2,1,6,1,6,1,1.0398878432126,0,NaN,0
10,2,460,2,2,6,1,6,2,1.20986950989159,0,NaN,0
10,2,461,2,2,7,0,4,2,1.19987058832223,0,NaN,0
10,2,462,2,2,2,0,5,2,1.23986627459964,0,NaN,0
10,2,463,2,2,5,1,5,1,1.32985656872381,0,NaN,0
10,2,464,2,2,7,1,7,1,1.21986843146094,0,NaN,0
10,2,465,2,2,1,1,1,2,1.2898608824464,0,NaN,0
10,2,466,2,1,7,1,7,1,1.0198900000739,0,NaN,0
10,2,467,2,2,2,1,2,2,1.14987598047547,0,NaN,0
10,2,468,2,1,4,1,4,2,1.31985764715446,0,NaN,0
10,2,469,2,1,8,1,8,2,1.07988352949001,0,NaN,0
10,2,470,2,1,6,1,6,1,1.22986735303029,0,NaN,0
10,2,471,2,2,8,0,2,1,1.23986627459964,0,NaN,0
10,2,472,2,2,7,1,7,2,1.32985656872381,0,NaN,0
10,2,473,2,1,3,1,3,1,1.25986411773835,0,NaN,0
10,2,474,2,2,7,0,6,1,1.31985764715446,0,NaN,0
10,2,475,2,1,3,1,3,1,1.06988460792066,0,NaN,0
10,2,476,2,1,5,0,7,2,1.33985549029316,0,NaN,0
10,2,477,2,1,3,1,3,1,1.06988460792066,0,NaN,0
10,2,478,2,1,3,1,3,2,1.16987382361418,0,NaN,0
10,2,479,2,2,5,1,5,2,1.08988245105936,0,NaN,0
10,2,480,2,2,7,1,7,2,1.09988137262871,0,NaN,0
10,2,481,2,2,1,1,1,1,1.15987490204483,0,NaN,0
10,2,482,2,2,6,1,6,2,1.16987382361418,0,NaN,0
10,2,483,2,1,7,1,7,1,1.10988029419807,0,NaN,0
10,2,484,2,1,6,0,8,2,1.10988029419807,0,NaN,0
10,2,485,2,1,8,1,8,2,1.08988245105936,0,NaN,0
10,2,486,2,1,3,0,7,2,1.19987058832223,0,NaN,0
10,2,487,2,1,7,1,7,2,1.31985764715446,0,NaN,0
10,2,488,2,1,3,1,3,2,1.18987166675288,0,NaN,0
10,2,489,2,1,4,1,4,1,1.29985980401575,0,NaN,0
10,2,490,2,2,7,0,3,2,1.04988676478196,0,NaN,0
10,2,491,2,1,8,1,8,1,1.34985441186251,0,NaN,0
10,2,492,2,1,8,1,8,2,1.33985549029316,0,NaN,0
10,2,493,2,1,8,1,8,2,1.27986196087705,0,NaN,0
10,2,494,2,1,8,1,8,2,1.16987382361418,0,NaN,0
10,2,495,2,1,2,0,4,1,1.06988460792066,0,NaN,0
10,2,496,2,2,6,1,6,2,1.07988352949001,0,NaN,0
10,2,497,2,1,1,1,1,2,1.10988029419807,0,NaN,0
10,2,498,2,1,8,1,8,1,1.21986843146094,0,NaN,0
10,2,499,2,1,6,1,6,2,1.2898608824464,0,NaN,0
10,2,500,2,2,5,1,5,1,1.10988029419807,0,NaN,0
10,2,501,2,2,7,1,7,1,1.27986196087705,0,NaN,0
10,2,502,2,2,3,1,3,2,1.23986627459964,0,NaN,0
10,2,503,2,2,6,1,6,1,1.27986196087705,0,NaN,0
10,2,504,2,1,3,1,3,1,1.21986843146094,0,NaN,0
10,2,505,2,1,7,1,7,2,1.38985009813992,0,NaN,0
10,2,506,2,2,5,0,6,2,1.32985656872381,0,NaN,0
10,2,507,2,1,3,1,3,2,1.00989107850455,0,NaN,0
10,2,508,2,2,2,0,8,2,1.35985333343187,0,NaN,0
10,2,509,2,2,4,0,3,1,1.24986519616899,0,NaN,0
10,2,510,2,1,2,1,2,1,1.2898608824464,0,NaN,0
10,2,511,2,1,6,1,6,1,1.16987382361418,0,NaN,0
10,2,512,2,1,1,0,4,1,1.0398878432126,0,NaN,0
10,2,513,2,1,7,1,7,1,1.25986411773835,0,NaN,0
10,2,514,2,1,2,1,2,2,0.999892156935195,0,NaN,0
10,2,515,2,2,1,0,2,1,1.35985333343187,0,NaN,0
10,2,516,2,2,3,1,3,2,1.21986843146094,0,NaN,0
10,2,517,2,1,4,0,8,1,1.13987705890612,0,NaN,0
10,2,518,2,2,5,1,5,1,1.23986627459964,0,NaN,0
10,2,519,2,2,1,1,1,2,1.06988460792066,0,NaN,0
10,2,520,2,1,8,0,3,1,1.02988892164325,0,NaN,0
10,2,521,2,2,8,0,3,2,1.14987598047547,0,NaN,0
10,2,522,2,1,8,1,8,1,1.05988568635131,0,NaN,0
10,2,523,2,1,6,1,6,2,1.2698630393077,0,NaN,0
10,2,524,2,2,2,1,2,2,1.19987058832223,0,NaN,0
10,2,525,2,2,3,0,6,2,1.27986196087705,0,NaN,0
10,2,526,2,2,2,1,2,1,1.2698630393077,0,NaN,0
10,2,527,2,1,3,1,3,2,1.30985872558511,0,NaN,0
10,2,528,2,2,4,1,4,1,0.999892156935195,0,NaN,0
10,2,529,2,2,3,1,3,1,1.13987705890612,0,NaN,0
10,2,530,2,2,8,1,8,2,1.35985333343187,0,NaN,0
10,2,531,2,1,4,1,4,2,1.24986519616899,0,NaN,0
10,2,532,2,1,4,1,4,2,1.34985441186251,0,NaN,0
10,2,533,2,2,3,1,3,2,1.05988568635131,0,NaN,0
10,2,534,2,2,2,1,2,2,1.25986411773835,0,NaN,0
10,2,535,2,1,5,1,5,1,1.00989107850455,0,NaN,0
10,2,536,2,2,1,1,1,1,1.2898608824464,0,NaN,0
10,2,537,2,1,2,1,2,1,1.07988352949001,0,NaN,0
10,2,538,2,1,6,0,5,2,1.38985009813992,0,NaN,0
10,2,539,2,1,4,1,4,2,1.22986735303029,0,NaN,0
10,2,540,2,1,7,1,7,1,1.0198900000739,0,NaN,0
10,2,541,2,2,7,0,4,1,1.29985980401575,0,NaN,0
10,2,542,2,1,1,1,1,1,1.07988352949001,0,NaN,0
10,2,543,2,2,6,1,6,1,1.29985980401575,0,NaN,0
10,2,544,2,1,6,1,6,1,1.2698630393077,0,NaN,0
10,2,545,2,2,7,1,7,2,1.12987813733677,0,NaN,0
10,2,546,2,2,5,1,5,2,1.2898608824464,0,NaN,0
10,2,547,2,1,5,0,4,2,1.10988029419807,0,NaN,0
10,2,548,2,2,1,1,1,1,1.12987813733677,0,NaN,0
10,2,549,2,1,4,1,4,1,1.18987166675288,0,NaN,0
10,2,550,2,2,1,1,1,1,1.14987598047547,0,NaN,0
10,2,551,2,1,2,1,2,2,1.2698630393077,0,NaN,0
10,2,552,2,2,5,1,5,1,1.32985656872381,0,NaN,0
10,2,553,2,1,1,1,1,1,1.12987813733677,0,NaN,0
10,2,554,2,2,5,1,5,1,1.22986735303029,0,NaN,0
10,2,555,2,1,2,1,2,1,1.06988460792066,0,NaN,0
10,2,556,2,1,4,1,4,2,1.04988676478196,0,NaN,0
10,2,557,2,2,5,1,5,2,1.12987813733677,0,NaN,0
10,2,558,2,2,5,1,5,1,1.21986843146094,0,NaN,0
10,2,559,2,1,7,1,7,2,1.23986627459964,0,NaN,0
10,2,560,2,1,4,1,4,1,1.30985872558511,0,NaN,0
10,2,561,1,1,8,1,8,1,1.24986519616899,1,0.750889077084139,1
10,2,562,1,1,7,1,7,1,1.20986950989159,1,0.676597825600766,1
10,2,563,1,1,3,1,3,2,1.30985872558511,2,0.664941490394995,1
10,2,564,1,1,7,1,7,2,1.27986196087705,1,0.73086827842053,0
10,2,565,1,2,3,0,2,2,1.19987058832223,2,0.637519489391707,1
10,2,566,1,2,1,1,1,2,1.30985872558511,2,0.931265536812134,1
10,2,567,1,2,3,1,3,2,1.10988029419807,2,0.668132538208738,1
10,2,568,1,1,4,1,4,1,1.13987705890612,1,0.701945087173954,1
10,2,569,1,1,8,1,8,1,1.33985549029316,2,0.872744177351706,0
10,2,570,1,1,7,0,6,2,1.2898608824464,2,0.664490499417298,1
10,2,571,1,2,2,1,2,1,1.34985441186251,2,0.709272029926069,0
10,2,572,1,2,4,1,4,2,1.06988460792066,2,0.672350239474326,1
10,2,573,1,1,2,1,2,1,1.10988029419807,2,0.656173731200397,0
10,2,574,1,1,4,1,4,1,1.12987813733677,2,0.721400486887433,0
10,2,575,1,1,1,1,1,1,1.23986627459964,1,1.0487363046268,1
10,2,576,1,1,1,0,4,2,1.27986196087705,2,0.97477318381425,1
10,2,577,1,2,6,1,6,1,1.2698630393077,1,0.901311767869629,1
10,2,578,1,2,2,1,2,2,1.17987274518353,2,0.660115223028697,1
10,2,579,1,2,4,1,4,1,1.25986411773835,2,0.872413028031588,0
10,2,580,1,1,7,1,7,2,1.20986950989159,1,0.719281372847036,0
10,2,581,1,1,6,1,6,2,1.18987166675288,2,0.814339339034632,1
10,2,582,1,1,3,1,3,2,1.06988460792066,2,0.683138401946053,1
10,2,583,1,1,2,0,8,1,1.31985764715446,1,0.943555191275664,1
10,2,584,1,1,3,1,3,1,1.38985009813992,1,0.721624171128497,1
10,2,585,1,2,4,0,5,2,1.07988352949001,2,0.595559218199924,1
10,2,586,1,2,6,0,2,1,1.05988568635131,2,0.610431958222762,0
10,2,587,1,1,2,1,2,2,1.16987382361418,2,0.522125875926577,1
10,2,588,1,1,5,0,4,2,1.21986843146094,2,0.583570224349387,1
10,2,589,1,2,7,1,7,1,1.29985980401575,1,0.684651666786522,1
10,2,590,1,1,3,0,2,1,1.27986196087705,2,0.675508081680164,0
10,2,591,1,1,6,0,4,1,1.29985980401575,1,0.811006413190626,1
10,2,592,1,1,8,1,8,2,1.33985549029316,1,0.848672006744891,0
10,2,593,1,1,4,1,4,2,1.2698630393077,2,0.756977454992011,1
10,2,594,1,2,7,1,7,2,1.09988137262871,2,0.73669554037042,1
10,2,595,1,1,6,1,6,2,1.39984901970927,2,0.843758801347576,1
10,2,596,1,2,3,1,3,1,1.00989107850455,2,0.845370777067728,0
10,2,597,1,2,5,1,5,2,1.15987490204483,2,0.642123581725173,1
10,2,598,1,2,4,1,4,1,1.07988352949001,2,0.617906212573871,0
10,2,599,1,2,2,1,2,1,1.22986735303029,1,0.758971595787443,1
10,2,600,1,1,6,1,6,1,1.23986627459964,1,0.773431078298017,1
10,2,601,1,2,5,1,5,2,1.18987166675288,2,0.701498322421685,1
10,2,602,1,2,4,1,4,1,1.07988352949001,1,0.778100676019676,1
10,2,603,1,2,5,1,5,2,1.21986843146094,1,0.835714619955979,0
10,2,604,1,1,5,0,2,2,1.17987274518353,2,0.608592977630906,1
10,2,605,1,1,8,1,8,2,1.0398878432126,2,0.846409505233169,1
10,2,606,1,2,8,1,8,1,1.31985764715446,1,0.627637836732902,1
10,2,607,1,1,6,1,6,2,1.38985009813992,2,0.943023299681954,1
10,2,608,1,1,5,1,5,1,1.18987166675288,2,0.835789483156987,0
10,2,609,1,2,1,1,1,2,1.02988892164325,1,0.743676844169386,0
10,2,610,1,2,5,1,5,1,1.37985117657057,2,0.920288102934137,0
10,2,611,1,2,3,1,3,1,1.15987490204483,1,0.690108838607557,1
10,2,612,1,2,2,1,2,1,1.14987598047547,1,0.930935293086804,1
10,2,613,1,1,7,1,7,2,1.05988568635131,1,0.679300450836308,0
10,2,614,1,2,7,0,5,1,1.21986843146094,1,0.795433641178533,1
10,2,615,1,1,4,0,5,2,1.36985225500122,1,0.759537296602502,0
10,2,616,1,2,6,1,6,2,1.15987490204483,1,0.605941971880384,0
10,2,617,1,1,1,1,1,1,1.24986519616899,2,0.720876745646819,0
10,2,618,1,2,7,1,7,1,1.18987166675288,1,0.580789113417268,1
10,2,619,1,1,8,1,8,1,1.27986196087705,1,0.631553367944434,1
10,2,620,1,2,3,1,3,1,1.33985549029316,2,0.979297281242907,0
10,2,621,1,2,1,1,1,2,1.2898608824464,1,0.89599737979006,0
10,2,622,1,2,1,0,5,1,1.0398878432126,1,0.853042755043134,1
10,2,623,1,2,1,1,1,2,1.09988137262871,2,0.606687887920998,1
10,2,624,1,2,8,1,8,1,1.33985549029316,2,0.738872311194427,0
10,2,625,1,2,8,1,8,1,1.25986411773835,1,0.735057603917085,1
10,2,626,1,1,8,0,5,2,1.31985764715446,2,0.807831968180835,1
10,2,627,1,1,1,1,1,1,1.12987813733677,1,0.808099121437408,1
10,2,628,1,2,2,1,2,2,1.32985656872381,2,0.676758117624559,1
10,2,629,1,1,6,1,6,1,1.05988568635131,1,0.690324372379109,1
10,2,630,1,1,5,1,5,1,1.08988245105936,1,0.956130111124367,1
10,2,631,1,1,5,1,5,1,1.09988137262871,1,0.877050325972959,1
10,2,632,1,2,8,0,1,2,1.31985764715446,2,0.645800939179026,1
10,2,633,1,1,7,1,7,1,1.22986735303029,1,0.705527657992207,1
10,2,634,1,2,4,1,4,2,1.24986519616899,1,0.808920806390233,0
10,2,635,1,2,6,1,6,2,1.34985441186251,2,0.713065908406861,1
10,2,636,1,2,3,1,3,2,1.27986196087705,2,0.747011883067898,1
10,2,637,1,1,5,1,5,2,1.07988352949001,2,0.660815858864225,1
10,2,638,1,1,2,0,5,2,1.29985980401575,1,0.769542715046555,0
10,2,639,1,1,1,1,1,1,1.16987382361418,1,0.787457380094565,1
10,2,640,1,1,2,1,2,2,1.22986735303029,2,0.650135161355138,1
10,2,641,1,1,8,1,8,2,1.11987921576742,2,0.872274470631965,1
10,2,642,1,2,5,1,5,2,1.11987921576742,2,0.67888991010841,1
10,2,643,1,2,1,1,1,1,1.08988245105936,1,0.794921370921656,1
10,2,644,1,1,3,0,4,1,1.30985872558511,1,0.73277487733867,1
10,2,645,1,1,7,0,3,1,1.18987166675288,1,0.749594364780933,1
10,2,646,1,2,3,1,3,1,1.34985441186251,1,0.813453356153332,1
10,2,647,1,1,5,0,2,2,1.12987813733677,2,0.646478633047082,1
10,2,648,1,2,7,1,7,2,1.14987598047547,2,1.07002676057164,1
10,2,649,1,2,3,1,3,2,1.12987813733677,1,1.04930321290158,0
10,2,650,1,2,4,0,8,1,1.27986196087705,1,0.75763522554189,1
10,2,651,1,2,6,1,6,1,1.17987274518353,1,0.639157425728627,1
10,2,652,1,1,6,1,6,2,1.02988892164325,1,0.848102985299192,0
10,2,653,1,2,2,1,2,2,1.36985225500122,2,0.6339423522586,1
10,2,654,1,1,7,1,7,1,1.06988460792066,1,0.685179634136148,1
10,2,655,1,2,6,1,6,2,1.0398878432126,1,1.00459413079079,0
10,2,656,1,1,3,1,3,1,1.19987058832223,2,0.831410584389232,0
10,2,657,1,1,5,1,5,1,1.32985656872381,2,1.06406939344015,0
10,2,658,1,2,6,1,6,2,1.27986196087705,2,0.655913822702132,1
10,2,659,1,1,2,1,2,2,1.06988460792066,2,0.750781310140155,1
10,2,660,1,1,5,1,5,1,1.31985764715446,2,0.799048813525587,0
10,2,661,1,1,5,1,5,2,1.17987274518353,2,0.679796118289232,1
10,2,662,1,1,8,1,8,1,1.34985441186251,2,0.694887712597847,0
10,2,663,1,1,4,1,4,2,1.08988245105936,2,0.691848202608526,1
10,2,664,1,1,6,1,6,1,1.35985333343187,1,0.671515876078047,1
10,2,665,1,1,1,1,1,1,1.29985980401575,1,0.796284305397421,1
10,2,666,1,1,6,1,6,2,1.31985764715446,2,0.692786408704706,1
10,2,667,1,2,5,1,5,2,1.16987382361418,2,0.697520908201113,1
10,2,668,1,2,8,1,8,2,1.37985117657057,2,0.643126991344616,1
10,2,669,1,1,8,1,8,2,1.14987598047547,2,0.599634135840461,1
10,2,670,1,1,3,1,3,1,1.15987490204483,1,0.663639533217065,1
10,2,671,1,1,8,0,3,2,1.15987490204483,2,0.916062553180382,1
10,2,672,1,2,8,1,8,1,1.21986843146094,1,0.683915712404996,1
10,2,673,1,1,2,0,6,2,1.00989107850455,2,0.910909664467908,1
10,2,674,1,1,4,1,4,1,1.08988245105936,1,0.822503060102463,1
10,2,675,1,2,5,1,5,2,1.35985333343187,2,0.667293344857171,1
10,2,676,1,2,2,1,2,2,1.19987058832223,2,0.662151323398575,1
10,2,677,1,1,4,1,4,1,1.17987274518353,2,1.09823210933246,0
10,2,678,1,1,2,1,2,1,1.27986196087705,2,0.583662294084206,0
10,2,679,1,1,1,1,1,2,1.07988352949001,2,0.700445406371728,1
10,2,680,1,1,3,0,1,1,1.37985117657057,1,0.855208960711025,1
10,2,681,1,1,4,1,4,2,1.25986411773835,1,0.802008932339959,0
10,2,682,1,1,7,1,7,2,0.999892156935195,2,0.761845078319311,1
10,2,683,1,2,5,0,6,2,1.13987705890612,2,0.635170653695241,1
10,2,684,1,2,5,1,5,2,1.2698630393077,1,0.848835921147838,0
10,2,685,1,2,6,0,2,2,1.18987166675288,2,0.717229877132922,1
10,2,686,1,2,8,1,8,2,1.2698630393077,1,0.951025521499105,0
10,2,687,1,2,2,0,7,2,1.36985225500122,2,0.75846626854036,1
10,2,688,1,1,2,1,2,1,1.16987382361418,2,0.656081057619303,0
10,2,689,1,2,7,1,7,1,1.11987921576742,1,0.642335795098916,1
10,2,690,1,2,5,1,5,1,1.0198900000739,1,0.762059404631145,1
10,2,691,1,2,3,1,3,1,1.23986627459964,1,0.719390648999251,1
10,2,692,1,1,6,1,6,1,1.08988245105936,1,0.655308275250718,1
10,2,693,1,2,4,1,4,1,1.10988029419807,1,0.675599547801539,1
10,2,694,1,2,7,0,4,2,1.05988568635131,1,0.641466113040224,0
10,2,695,1,1,4,1,4,2,1.2898608824464,1,0.642101243487559,0
10,2,696,1,1,8,0,5,1,1.35985333343187,2,1.05000083008781,0
10,2,697,1,2,7,1,7,1,1.02988892164325,2,0.842672679922543,0
10,2,698,1,2,3,1,3,1,1.33985549029316,1,0.654696388519369,1
10,2,699,1,1,4,0,2,1,1.18987166675288,1,1.07004306139424,1
10,2,700,1,2,1,1,1,2,1.34985441186251,2,0.605046329204924,1
10,2,701,1,2,2,1,2,1,1.05988568635131,2,0.572002336499281,0
10,2,702,1,2,4,1,4,2,1.22986735303029,1,0.89586335036438,0
10,2,703,1,1,1,1,1,1,1.18987166675288,2,0.919606182840653,0
10,2,704,1,2,7,1,7,2,1.34985441186251,2,0.76479463162832,1
10,2,705,1,1,2,1,2,1,1.11987921576742,2,0.62766651425045,0
10,2,706,1,1,6,1,6,1,1.38985009813992,1,0.91284312971402,1
10,2,707,1,2,8,1,8,2,1.2698630393077,2,0.800254776724614,1
10,2,708,1,1,4,1,4,2,1.35985333343187,1,0.991491545457393,0
10,2,709,1,1,3,1,3,1,1.05988568635131,2,0.984762905165553,0
10,2,710,1,1,2,1,2,1,1.14987598047547,1,0.963121678447351,1
10,2,711,1,1,1,1,1,2,1.31985764715446,2,0.740898751886562,1
10,2,712,1,2,1,1,1,2,1.09988137262871,2,0.763589875889011,1
10,2,713,1,2,3,1,3,2,1.34985441186251,2,0.745471450034529,1
10,2,714,1,1,7,1,7,2,1.05988568635131,2,0.854219135129824,1
10,2,715,1,2,7,1,7,1,1.2898608824464,2,0.696108467294835,0
10,2,716,1,1,1,0,5,1,1.17987274518353,2,0.737531111226417,0
10,2,717,1,1,1,0,8,1,1.05988568635131,1,0.908829491352662,1
10,2,718,1,1,8,1,8,1,1.38985009813992,2,0.749514067894779,0
10,2,719,1,2,1,1,1,1,1.29985980401575,2,0.743346600444056,0
10,2,720,1,1,6,0,2,2,1.07988352949001,2,0.676042388309725,1
10,2,721,1,1,1,1,1,1,1.04988676478196,1,0.908978916122578,1
10,2,722,1,1,2,1,2,2,1.20986950989159,2,0.780769492033869,1
10,2,723,1,2,5,1,5,1,1.13987705890612,1,1.24175590649247,1
10,2,724,1,2,8,1,8,2,1.20986950989159,2,0.943301320192404,1
10,2,725,1,2,1,1,1,2,1.35985333343187,2,0.760099978651851,1
10,2,726,1,2,8,0,4,2,1.00989107850455,2,0.907809780910611,1
10,2,727,1,2,6,1,6,2,1.0398878432126,1,0.847336240229197,0
10,2,728,1,2,6,1,6,2,1.10988029419807,1,0.728467219392769,0
10,2,729,1,2,3,0,5,1,1.19987058832223,1,0.815815474023111,1
10,2,730,1,1,6,1,6,1,1.2898608824464,1,0.773002123576589,1
10,2,731,1,2,8,1,8,2,1.37985117657057,2,0.611766819027252,1
10,2,732,1,2,1,1,1,1,1.16987382361418,1,0.714865947840735,1
10,2,733,1,1,7,1,7,2,1.35985333343187,2,0.830241449177265,1
10,2,734,1,1,1,0,7,1,1.09988137262871,1,0.653954698704183,1
10,2,735,1,2,2,0,7,2,1.33985549029316,1,0.696974828722887,0
10,2,736,1,2,1,1,1,1,1.0198900000739,1,0.69369412609376,1
10,2,737,1,2,7,1,7,2,1.38985009813992,1,1.05951993912458,0
10,2,738,1,1,3,1,3,1,1.38985009813992,2,0.688376719364896,0
10,2,739,1,2,6,1,6,1,1.06988460792066,2,0.936666561057791,0
10,2,740,1,1,5,1,5,2,1.14987598047547,2,0.852860426763073,1
10,2,741,1,1,3,1,3,2,1.30985872558511,2,0.708784814924002,1
10,2,742,1,1,3,1,3,1,1.17987274518353,2,0.676104271202348,0
10,2,743,1,1,2,1,2,1,1.20986950989159,2,0.68937650648877,0
10,2,744,1,1,4,1,4,2,1.06988460792066,2,1.16005469847005,1
10,2,745,1,2,4,1,4,1,1.24986519616899,1,0.69754717068281,1
10,2,746,1,1,4,0,5,2,1.2898608824464,1,0.872709764284082,0
10,2,747,1,1,6,1,6,2,1.38985009813992,2,0.717468956601806,1
10,2,748,1,2,1,1,1,1,1.21986843146094,1,0.733193870284595,1
10,2,749,1,1,8,1,8,1,1.22986735303029,1,0.622132667922415,1
10,2,750,1,2,8,1,8,1,1.35985333343187,1,0.671885362477042,1
10,2,751,1,1,7,1,7,1,1.24986519616899,1,1.0146756201284,1
10,2,752,1,2,4,1,4,1,1.36985225500122,1,1.16428990813438,1
10,2,753,1,1,2,1,2,2,1.11987921576742,2,0.673964328248985,1
10,2,754,1,2,5,0,1,1,1.19987058832223,1,0.777559124631807,1
10,2,755,1,1,7,1,7,2,1.23986627459964,1,0.638323062332347,0
10,2,756,1,2,5,1,5,2,1.38985009813992,2,0.803480237489566,1
10,2,757,1,1,4,1,4,1,1.37985117657057,2,1.03288249333855,0
10,2,758,1,1,2,1,2,1,1.24986519616899,1,0.781216558651067,1
10,2,759,1,1,1,1,1,2,1.17987274518353,2,0.71362285502255,1
10,2,760,1,2,4,1,4,1,1.34985441186251,1,0.921821894822642,1
10,2,761,1,1,8,1,8,2,1.14987598047547,1,0.864621812128462,0
10,2,762,1,2,8,1,8,1,1.04988676478196,1,0.692287118872628,1
10,2,763,1,1,1,0,5,1,1.17987274518353,1,0.845681097474881,1
10,2,764,1,2,3,0,6,1,1.21986843146094,1,0.652583613758907,1
10,2,765,1,1,6,0,1,2,1.25986411773835,2,0.999545688508078,1
10,2,766,1,1,1,1,1,2,1.23986627459964,1,0.777446829597466,0
10,2,767,1,2,7,1,7,2,1.09988137262871,1,0.710122392396443,0
10,2,768,1,2,7,0,1,1,1.32985656872381,1,0.785946228192188,1
10,2,769,1,2,5,1,5,2,1.05988568635131,2,0.774576365947723,1
10,2,770,1,2,7,0,5,1,1.0398878432126,2,1.12838330015074,0
10,2,771,1,2,8,1,8,2,0.999892156935195,2,0.837375196511857,1
10,2,772,1,1,7,1,7,1,0.999892156935195,1,0.81207049835939,1
10,2,773,1,1,2,0,3,2,1.0198900000739,1,0.830552373430692,0
10,2,774,1,2,6,1,6,2,1.17987274518353,1,0.756811729399487,0
10,2,775,1,1,5,1,5,1,1.24986519616899,1,0.940817851340398,1
10,2,776,1,1,3,1,3,1,1.25986411773835,1,0.757388901198283,1
10,2,777,1,2,1,1,1,2,1.0398878432126,2,0.755017425282858,1
10,2,778,1,2,2,1,2,2,1.25986411773835,2,0.791961855953559,1
10,2,779,1,1,8,0,4,2,1.35985333343187,2,0.791584520833567,1
10,2,780,1,1,2,1,2,2,1.02988892164325,2,0.73048067977652,1
10,2,781,1,2,7,1,7,2,1.08988245105936,2,0.894745230791159,1
10,2,782,1,1,7,1,7,1,1.13987705890612,1,0.803348622866906,1
10,2,783,1,1,3,1,3,1,1.20986950989159,2,1.07880900951568,0
10,2,784,1,1,5,1,5,2,1.06988460792066,1,0.734081664355472,0
10,2,785,1,2,5,1,5,2,1.39984901970927,2,0.860420411685482,1
10,2,786,1,2,3,1,3,2,1.2698630393077,2,0.592283949255943,1
10,2,787,1,2,5,1,5,1,1.21986843146094,1,0.697133913170546,1
10,2,788,1,2,6,0,5,1,1.35985333343187,2,0.894704478676431,0
10,2,789,1,1,4,1,4,2,1.04988676478196,2,0.775569813791662,1
10,2,790,1,2,6,1,6,1,1.07988352949001,2,0.727306838380173,0
10,2,791,1,1,4,0,1,1,1.07988352949001,1,0.850064524332993,1
10,2,792,1,2,2,1,2,1,1.32985656872381,1,0.798001029412262,1
10,2,793,1,1,8,1,8,1,1.10988029419807,1,0.776706045377068,1
10,2,794,1,1,3,1,3,2,1.11987921576742,2,0.832585756899789,1
10,2,795,1,2,4,1,4,2,1.33985549029316,2,0.749267139704898,1
10,2,796,1,2,6,1,6,1,1.17987274518353,1,0.891192545066588,1
10,2,797,1,1,5,0,2,2,1.06988460792066,2,0.811765309656039,1
10,2,798,1,1,2,1,2,1,1.13987705890612,1,0.967624041368254,1
10,2,799,1,2,3,1,3,2,1.2898608824464,2,0.864282210357487,1
10,2,800,1,2,4,1,4,1,1.29985980401575,2,0.735264685470611,0
10,2,801,2,2,8,1,8,2,1.16987382361418,0,NaN,0
10,2,802,2,1,6,1,6,2,1.38985009813992,0,NaN,0
10,2,803,2,1,1,0,2,2,1.19987058832223,0,NaN,0
10,2,804,2,1,6,1,6,2,1.09988137262871,0,NaN,0
10,2,805,2,1,1,1,1,2,1.07988352949001,0,NaN,0
10,2,806,2,2,6,1,6,1,1.13987705890612,0,NaN,0
10,2,807,2,1,2,1,2,2,1.37985117657057,0,NaN,0
10,2,808,2,1,7,0,2,1,1.34985441186251,0,NaN,0
10,2,809,2,1,2,1,2,2,1.0198900000739,0,NaN,0
10,2,810,2,1,3,1,3,1,1.35985333343187,0,NaN,0
10,2,811,2,1,5,1,5,2,1.2698630393077,0,NaN,0
10,2,812,2,1,7,1,7,1,1.22986735303029,0,NaN,0
10,2,813,2,1,3,1,3,1,1.2898608824464,0,NaN,0
10,2,814,2,1,4,0,7,1,1.22986735303029,0,NaN,0
10,2,815,2,2,1,1,1,1,1.2698630393077,0,NaN,0
10,2,816,2,1,2,1,2,1,1.07988352949001,0,NaN,0
10,2,817,2,1,4,1,4,2,1.20986950989159,0,NaN,0
10,2,818,2,1,2,1,2,1,1.25986411773835,0,NaN,0
10,2,819,2,1,7,1,7,1,1.33985549029316,0,NaN,0
10,2,820,2,2,5,1,5,2,1.32985656872381,0,NaN,0
10,2,821,2,1,4,1,4,2,1.17987274518353,0,NaN,0
10,2,822,2,2,8,1,8,1,1.25986411773835,0,NaN,0
10,2,823,2,1,3,0,6,2,1.20986950989159,0,NaN,0
10,2,824,2,2,7,1,7,2,1.37985117657057,0,NaN,0
10,2,825,2,2,5,0,4,1,1.32985656872381,0,NaN,0
10,2,826,2,1,6,1,6,1,1.08988245105936,0,NaN,0
10,2,827,2,1,3,0,5,1,1.14987598047547,0,NaN,0
10,2,828,2,2,5,1,5,1,1.04988676478196,0,NaN,0
10,2,829,2,1,4,1,4,1,1.27986196087705,0,NaN,0
10,2,830,2,1,3,1,3,1,1.07988352949001,0,NaN,0
10,2,831,2,2,5,0,7,1,1.00989107850455,0,NaN,0
10,2,832,2,2,5,1,5,1,1.33985549029316,0,NaN,0
10,2,833,2,1,2,0,5,2,1.0198900000739,0,NaN,0
10,2,834,2,2,2,1,2,2,1.17987274518353,0,NaN,0
10,2,835,2,1,8,1,8,1,1.0398878432126,0,NaN,0
10,2,836,2,1,5,1,5,1,1.39984901970927,0,NaN,0
10,2,837,2,2,8,1,8,2,1.33985549029316,0,NaN,0
10,2,838,2,2,6,1,6,2,1.05988568635131,0,NaN,0
10,2,839,2,2,3,1,3,1,1.36985225500122,0,NaN,0
10,2,840,2,1,8,1,8,2,1.16987382361418,0,NaN,0
10,2,841,2,2,8,0,2,2,1.23986627459964,0,NaN,0
10,2,842,2,2,4,1,4,2,1.12987813733677,0,NaN,0
10,2,843,2,2,6,0,4,2,1.35985333343187,0,NaN,0
10,2,844,2,2,1,1,1,1,1.27986196087705,0,NaN,0
10,2,845,2,2,3,1,3,2,1.05988568635131,0,NaN,0
10,2,846,2,2,8,1,8,2,1.32985656872381,0,NaN,0
10,2,847,2,1,6,1,6,2,1.19987058832223,0,NaN,0
10,2,848,2,2,2,1,2,2,1.39984901970927,0,NaN,0
10,2,849,2,1,6,1,6,1,1.38985009813992,0,NaN,0
10,2,850,2,1,1,1,1,1,1.09988137262871,0,NaN,0
10,2,851,2,2,7,0,8,2,1.22986735303029,0,NaN,0
10,2,852,2,1,7,1,7,1,1.37985117657057,0,NaN,0
10,2,853,2,1,4,0,5,1,1.20986950989159,0,NaN,0
10,2,854,2,2,7,1,7,2,1.29985980401575,0,NaN,0
10,2,855,2,2,8,1,8,2,1.22986735303029,0,NaN,0
10,2,856,2,1,4,1,4,1,1.2898608824464,0,NaN,0
10,2,857,2,2,5,1,5,1,1.08988245105936,0,NaN,0
10,2,858,2,1,4,1,4,1,1.32985656872381,0,NaN,0
10,2,859,2,2,2,1,2,2,1.14987598047547,0,NaN,0
10,2,860,2,1,8,1,8,1,1.25986411773835,0,NaN,0
10,2,861,2,1,1,1,1,1,1.08988245105936,0,NaN,0
10,2,862,2,2,3,1,3,2,1.19987058832223,0,NaN,0
10,2,863,2,1,5,1,5,2,1.37985117657057,0,NaN,0
10,2,864,2,2,8,0,1,2,1.22986735303029,0,NaN,0
10,2,865,2,1,1,1,1,1,1.35985333343187,0,NaN,0
10,2,866,2,2,1,1,1,1,1.10988029419807,0,NaN,0
10,2,867,2,1,6,1,6,2,1.24986519616899,0,NaN,0
10,2,868,2,2,1,0,3,2,1.37985117657057,0,NaN,0
10,2,869,2,2,3,1,3,2,1.25986411773835,0,NaN,0
10,2,870,2,1,6,0,8,1,1.09988137262871,0,NaN,0
10,2,871,2,1,7,1,7,1,1.33985549029316,0,NaN,0
10,2,872,2,1,5,1,5,1,1.25986411773835,0,NaN,0
10,2,873,2,1,7,1,7,1,1.27986196087705,0,NaN,0
10,2,874,2,1,1,1,1,2,1.2898608824464,0,NaN,0
10,2,875,2,1,3,1,3,2,1.11987921576742,0,NaN,0
10,2,876,2,2,4,1,4,1,1.20986950989159,0,NaN,0
10,2,877,2,1,2,0,5,2,1.04988676478196,0,NaN,0
10,2,878,2,2,7,1,7,1,1.39984901970927,0,NaN,0
10,2,879,2,1,4,1,4,2,1.37985117657057,0,NaN,0
10,2,880,2,1,2,1,2,2,1.27986196087705,0,NaN,0
10,2,881,2,1,5,1,5,1,1.20986950989159,0,NaN,0
10,2,882,2,2,8,0,6,1,1.37985117657057,0,NaN,0
10,2,883,2,2,7,1,7,1,1.20986950989159,0,NaN,0
10,2,884,2,1,4,1,4,1,1.31985764715446,0,NaN,0
10,2,885,2,2,6,0,1,2,1.09988137262871,0,NaN,0
10,2,886,2,1,3,0,4,1,1.34985441186251,0,NaN,0
10,2,887,2,1,7,0,4,1,1.0398878432126,0,NaN,0
10,2,888,2,1,1,1,1,2,1.0198900000739,0,NaN,0
10,2,889,2,2,2,1,2,2,1.23986627459964,0,NaN,0
10,2,890,2,2,2,0,3,2,1.0398878432126,0,NaN,0
10,2,891,2,1,7,1,7,1,1.38985009813992,0,NaN,0
10,2,892,2,1,8,1,8,2,1.0398878432126,0,NaN,0
10,2,893,2,1,1,1,1,2,1.13987705890612,0,NaN,0
10,2,894,2,2,3,1,3,1,1.21986843146094,0,NaN,0
10,2,895,2,1,8,1,8,2,1.09988137262871,0,NaN,0
10,2,896,2,2,8,1,8,2,1.27986196087705,0,NaN,0
10,2,897,2,1,4,0,5,2,1.09988137262871,0,NaN,0
10,2,898,2,2,7,1,7,2,1.05988568635131,0,NaN,0
10,2,899,2,1,8,1,8,1,1.09988137262871,0,NaN,0
10,2,900,2,1,6,1,6,1,1.17987274518353,0,NaN,0
10,2,901,2,1,1,1,1,1,1.34985441186251,0,NaN,0
10,2,902,2,2,2,1,2,1,1.07988352949001,0,NaN,0
10,2,903,2,1,5,1,5,1,1.07988352949001,0,NaN,0
10,2,904,2,2,3,1,3,2,1.31985764715446,0,NaN,0
10,2,905,2,2,6,1,6,1,1.39984901970927,0,NaN,0
10,2,906,2,2,3,1,3,1,1.37985117657057,0,NaN,0
10,2,907,2,2,4,1,4,1,1.19987058832223,0,NaN,0
10,2,908,2,2,7,1,7,2,1.22986735303029,0,NaN,0
10,2,909,2,1,7,1,7,1,1.07988352949001,0,NaN,0
10,2,910,2,1,6,1,6,2,1.2898608824464,0,NaN,0
10,2,911,2,2,4,1,4,2,1.0198900000739,0,NaN,0
10,2,912,2,1,3,1,3,2,1.00989107850455,0,NaN,0
10,2,913,2,2,3,1,3,2,1.38985009813992,0,NaN,0
10,2,914,2,1,1,0,3,1,1.02988892164325,0,NaN,0
10,2,915,2,1,8,1,8,2,1.0398878432126,0,NaN,0
10,2,916,2,2,7,0,2,2,1.11987921576742,0,NaN,0
10,2,917,2,2,1,1,1,1,1.2898608824464,0,NaN,0
10,2,918,2,2,1,1,1,1,1.14987598047547,0,NaN,0
10,2,919,2,2,8,1,8,2,1.00989107850455,0,NaN,0
10,2,920,2,2,2,1,2,2,1.15987490204483,0,NaN,0
10,2,921,2,2,1,0,6,1,1.12987813733677,0,NaN,0
10,2,922,2,1,4,1,4,2,1.02988892164325,0,NaN,0
10,2,923,2,2,5,1,5,2,1.36985225500122,0,NaN,0
10,2,924,2,1,2,1,2,1,1.10988029419807,0,NaN,0
10,2,925,2,1,3,1,3,2,1.02988892164325,0,NaN,0
10,2,926,2,1,5,0,8,1,1.38985009813992,0,NaN,0
10,2,927,2,2,3,1,3,2,1.33985549029316,0,NaN,0
10,2,928,2,1,4,1,4,1,1.2898608824464,0,NaN,0
10,2,929,2,1,7,1,7,2,1.30985872558511,0,NaN,0
10,2,930,2,1,5,1,5,2,1.35985333343187,0,NaN,0
10,2,931,2,2,5,1,5,1,1.04988676478196,0,NaN,0
10,2,932,2,2,5,0,7,2,1.09988137262871,0,NaN,0
10,2,933,2,1,4,1,4,1,1.37985117657057,0,NaN,0
10,2,934,2,2,5,1,5,2,1.15987490204483,0,NaN,0
10,2,935,2,1,7,1,7,2,1.02988892164325,0,NaN,0
10,2,936,2,1,8,0,7,2,1.04988676478196,0,NaN,0
10,2,937,2,1,5,1,5,1,1.00989107850455,0,NaN,0
10,2,938,2,1,4,0,1,1,1.37985117657057,0,NaN,0
10,2,939,2,2,6,0,7,2,1.34985441186251,0,NaN,0
10,2,940,2,1,6,1,6,1,1.07988352949001,0,NaN,0
10,2,941,2,1,2,1,2,2,1.25986411773835,0,NaN,0
10,2,942,2,1,5,1,5,2,1.08988245105936,0,NaN,0
10,2,943,2,1,1,1,1,2,1.27986196087705,0,NaN,0
10,2,944,2,2,7,1,7,1,1.20986950989159,0,NaN,0
10,2,945,2,2,2,0,1,1,1.18987166675288,0,NaN,0
10,2,946,2,1,2,1,2,1,1.08988245105936,0,NaN,0
10,2,947,2,1,1,1,1,2,1.22986735303029,0,NaN,0
10,2,948,2,2,8,1,8,1,1.17987274518353,0,NaN,0
10,2,949,2,1,4,1,4,2,1.19987058832223,0,NaN,0
10,2,950,2,2,6,1,6,1,1.0198900000739,0,NaN,0
10,2,951,2,1,6,1,6,2,1.11987921576742,0,NaN,0
10,2,952,2,1,6,1,6,1,1.07988352949001,0,NaN,0
10,2,953,2,1,8,1,8,1,1.05988568635131,0,NaN,0
10,2,954,2,1,1,1,1,1,1.18987166675288,0,NaN,0
10,2,955,2,1,2,1,2,1,1.0198900000739,0,NaN,0
10,2,956,2,2,6,1,6,2,1.35985333343187,0,NaN,0
10,2,957,2,1,2,1,2,2,1.37985117657057,0,NaN,0
10,2,958,2,1,4,1,4,1,1.21986843146094,0,NaN,0
10,2,959,2,2,3,1,3,2,1.25986411773835,0,NaN,0
10,2,960,2,1,3,0,7,1,1.33985549029316,0,NaN,0
