subject,session,block,trial,task,CT_fixed,cuecol,cueloc,validity,targloc,targtilt,delay,resp,time,corr
7,2,1,1,1,1,1,4,1,4,2,1.26985805432,1,0.923837976958,0
7,2,1,2,1,1,2,6,1,6,2,1.16986923114,2,0.526035751955,1
7,2,1,3,1,1,1,2,1,2,1,1.24986028968,1,0.46884971054,1
7,2,1,4,1,1,1,3,1,3,1,1.259859172,2,0.722595430816,0
7,2,1,5,1,1,1,6,1,6,2,1.32985134822,2,0.667593701117,1
7,2,1,6,1,1,2,3,0,2,2,1.01988599638,2,0.619056459447,1
7,2,1,7,1,1,1,4,1,4,2,1.38984464213,2,0.558046966928,1
7,2,1,8,1,1,1,5,1,5,2,1.0898781726,2,0.927707915624,1
7,2,1,9,1,1,2,6,1,6,1,1.259859172,1,0.784803940212,1
7,2,1,10,1,1,2,7,1,7,1,1.22986252505,2,0.92445952171,0
7,2,1,11,1,1,2,4,1,4,1,1.37984575981,1,0.601235723941,1
7,2,1,12,1,1,1,2,1,2,2,1.33985023054,2,0.48903859494,1
7,2,1,13,1,1,2,7,1,7,1,1.09987705492,1,0.919865101545,1
7,2,1,14,1,1,2,6,0,2,1,1.22986252505,1,0.627559759159,1
7,2,1,15,1,1,1,2,0,3,1,1.32985134822,2,0.888415359732,0
7,2,1,16,1,1,2,4,1,4,2,1.14987146651,2,0.772206716307,1
7,2,1,17,1,1,1,5,0,4,1,1.34984911286,1,0.720902860918,1
7,2,1,18,1,1,1,2,1,2,2,1.04988264333,2,0.556757691731,1
7,2,1,19,1,1,1,6,1,6,1,1.04988264333,1,1.03350274126,1
7,2,1,20,1,1,2,1,1,1,2,1.15987034883,2,0.48725033311,1
7,2,1,21,1,1,2,7,0,8,2,1.12987370187,2,0.622094451861,1
7,2,1,22,1,1,1,6,1,6,1,1.28985581895,1,0.712259192915,1
7,2,1,23,1,1,1,8,0,6,1,1.06988040797,1,0.706794187485,1
7,2,1,24,1,1,2,7,1,7,2,1.06988040797,2,0.640492055758,1
7,2,1,25,1,1,2,6,1,6,1,1.34984911286,1,0.663402273785,1
7,2,1,26,1,1,2,3,1,3,2,1.10987593724,2,0.607201527208,1
7,2,1,27,1,1,2,5,1,5,2,1.06988040797,2,0.744098343534,1
7,2,1,28,1,1,2,1,0,8,1,1.28985581895,1,0.858896964844,1
7,2,1,29,1,1,2,8,1,8,1,1.01988599638,2,0.825132504646,0
7,2,1,30,1,1,1,7,1,7,1,1.34984911286,1,0.727366141478,1
7,2,1,31,1,1,2,8,1,8,2,1.09987705492,2,0.903053206524,1
7,2,1,32,1,1,1,7,1,7,1,1.31985246591,1,0.747949868295,1
7,2,1,33,1,1,1,1,1,1,1,1.03988376102,1,0.52644297093,1
7,2,1,34,1,1,2,2,1,2,2,1.32985134822,2,0.52913260849,1
7,2,1,35,1,1,1,5,1,5,1,1.26985805432,1,0.582426071191,1
7,2,1,36,1,1,2,5,1,5,2,1.22986252505,1,0.593242278084,0
7,2,1,37,1,1,1,2,1,2,2,1.22986252505,2,0.424849836118,1
7,2,1,38,1,1,1,3,1,3,2,1.21986364273,2,0.531806247083,1
7,2,1,39,1,1,2,3,1,3,2,1.14987146651,2,0.579473205353,1
7,2,1,40,1,1,1,6,1,6,2,1.09987705492,2,0.584243614148,1
7,2,1,41,1,1,1,8,1,8,2,1.26985805432,2,0.431995336754,1
7,2,1,42,1,1,2,8,0,2,1,1.13987258419,2,0.594767311637,0
7,2,1,43,1,1,2,5,1,5,1,1.05988152565,1,0.673250996011,1
7,2,1,44,1,1,1,2,1,2,2,1.16986923114,2,0.521608264402,1
7,2,1,45,1,1,2,3,1,3,2,1.03988376102,2,0.595341765091,1
7,2,1,46,1,1,2,4,1,4,1,1.13987258419,1,0.504165768612,1
7,2,1,47,1,1,2,3,1,3,2,1.26985805432,2,0.417919264988,1
7,2,1,48,1,1,1,8,1,8,1,1.27985693664,1,0.540675711818,1
7,2,1,49,1,1,1,2,0,4,1,1.05988152565,1,0.616641521121,1
7,2,1,50,1,1,1,6,1,6,1,1.11987481956,1,0.539392775832,1
7,2,1,51,1,1,2,1,1,1,2,1.09987705492,2,0.443224799968,1
7,2,1,52,1,1,2,7,1,7,2,1.21986364273,2,0.509927509589,1
7,2,1,53,1,1,2,2,1,2,2,1.05988152565,2,0.382242475505,1
7,2,1,54,1,1,2,1,1,1,2,1.06988040797,2,0.472613693788,1
7,2,1,55,1,1,2,3,0,8,2,1.20986476041,2,0.466985378152,1
7,2,1,56,1,1,1,4,1,4,1,1.35984799518,1,0.45938798218,1
7,2,1,57,1,1,2,2,1,2,1,1.26985805432,1,0.605086644968,1
7,2,1,58,1,1,1,8,1,8,1,1.39984352445,1,0.51205657959,1
7,2,1,59,1,1,1,3,1,3,1,1.32985134822,1,0.641682620353,1
7,2,1,60,1,1,2,1,0,4,2,1.27985693664,1,0.632795949181,0
7,2,1,61,1,1,2,4,1,4,2,1.33985023054,1,0.514838890409,0
7,2,1,62,1,1,1,7,1,7,1,1.01988599638,1,0.501099098805,1
7,2,1,63,1,1,2,5,0,6,2,1.01988599638,2,0.708930804167,1
7,2,1,64,1,1,2,4,0,2,1,1.37984575981,2,0.568274834472,0
7,2,1,65,1,1,1,3,1,3,2,1.23986140737,2,0.931569402008,1
7,2,1,66,1,1,1,6,0,4,2,1.03988376102,1,0.648654547298,0
7,2,1,67,1,1,1,1,1,1,2,1.21986364273,2,0.492662511766,1
7,2,1,68,1,1,1,8,1,8,1,1.21986364273,1,0.544868044752,1
7,2,1,69,1,1,2,7,1,7,1,1.01988599638,1,0.657039213165,1
7,2,1,70,1,1,2,1,1,1,2,1.09987705492,2,0.422137256643,1
7,2,1,71,1,1,2,1,1,1,2,1.15987034883,2,0.41346340191,1
7,2,1,72,1,1,2,5,1,5,1,1.03988376102,1,0.586119719361,1
7,2,1,73,1,1,2,4,0,2,1,1.0898781726,1,0.665910489104,1
7,2,1,74,1,1,2,5,1,5,1,1.12987370187,1,0.448851304398,1
7,2,1,75,1,1,2,1,1,1,2,1.30985358359,2,0.641131712548,1
7,2,1,76,1,1,2,4,1,4,1,1.36984687749,1,0.536191473217,1
7,2,1,77,1,1,1,7,0,6,1,1.16986923114,1,0.701108818932,1
7,2,1,78,1,1,1,5,1,5,1,1.20986476041,1,0.446037599382,1
7,2,1,79,1,1,2,8,1,8,2,1.09987705492,2,0.526366900373,1
7,2,1,80,1,1,2,8,1,8,1,1.24986028968,1,0.613132313867,1
7,2,2,81,2,1,1,1,1,1,2,1.13987258419,0,nan,0
7,2,2,82,2,1,2,2,1,2,1,1.04988264333,0,nan,0
7,2,2,83,2,1,1,7,1,7,2,1.39984352445,0,nan,0
7,2,2,84,2,1,2,5,1,5,1,1.28985581895,0,nan,0
7,2,2,85,2,1,2,1,1,1,1,1.14987146651,0,nan,0
7,2,2,86,2,1,1,2,1,2,1,1.30985358359,0,nan,0
7,2,2,87,2,1,1,5,1,5,2,1.0898781726,0,nan,0
7,2,2,88,2,1,1,6,1,6,2,1.12987370187,0,nan,0
7,2,2,89,2,1,1,5,1,5,1,1.29985470127,0,nan,0
7,2,2,90,2,1,2,4,1,4,1,0.999888231747,0,nan,0
7,2,2,91,2,1,2,8,1,8,1,1.0298848787,0,nan,0
7,2,2,92,2,1,1,4,0,1,1,1.03988376102,0,nan,0
7,2,2,93,2,1,2,5,1,5,2,1.22986252505,0,nan,0
7,2,2,94,2,1,1,4,1,4,1,1.22986252505,0,nan,0
7,2,2,95,2,0,1,3,1,3,2,1.36984687749,0,nan,0
7,2,2,96,2,1,1,1,0,8,2,1.30985358359,0,nan,0
7,2,2,97,2,1,1,4,0,3,2,1.14987146651,0,nan,0
7,2,2,98,2,1,1,4,1,4,2,1.17986811346,0,nan,0
7,2,2,99,2,1,2,4,1,4,1,1.23986140737,0,nan,0
7,2,2,100,2,1,1,8,1,8,1,1.03988376102,0,nan,0
7,2,2,101,2,1,1,7,1,7,2,1.11987481956,0,nan,0
7,2,2,102,2,1,2,2,0,5,2,1.33985023054,0,nan,0
7,2,2,103,2,1,2,6,1,6,2,1.20986476041,0,nan,0
7,2,2,104,2,1,2,8,0,7,2,1.31985246591,0,nan,0
7,2,2,105,2,1,2,8,1,8,1,1.21986364273,0,nan,0
7,2,2,106,2,1,2,1,1,1,1,1.24986028968,0,nan,0
7,2,2,107,2,1,2,2,1,2,2,0.999888231747,0,nan,0
7,2,2,108,2,1,2,6,0,8,2,1.29985470127,0,nan,0
7,2,2,109,2,1,1,7,1,7,1,1.20986476041,0,nan,0
7,2,2,110,2,1,1,7,0,5,1,1.38984464213,0,nan,0
7,2,2,111,2,1,1,6,1,6,2,1.259859172,0,nan,0
7,2,2,112,2,1,2,3,0,4,2,1.06988040797,0,nan,0
7,2,2,113,2,1,1,2,1,2,2,1.0898781726,0,nan,0
7,2,2,114,2,1,2,8,1,8,2,1.20986476041,0,nan,0
7,2,2,115,2,1,1,3,1,3,1,1.09987705492,0,nan,0
7,2,2,116,2,1,2,6,1,6,1,1.22986252505,0,nan,0
7,2,2,117,2,1,2,7,0,1,1,1.12987370187,0,nan,0
7,2,2,118,2,1,1,1,1,1,2,1.22986252505,0,nan,0
7,2,2,119,2,1,1,4,1,4,2,1.07987929029,0,nan,0
7,2,2,120,2,1,1,6,1,6,2,1.0298848787,0,nan,0
7,2,2,121,2,1,1,1,1,1,1,1.12987370187,0,nan,0
7,2,2,122,2,1,1,4,1,4,1,1.36984687749,0,nan,0
7,2,2,123,2,1,1,8,1,8,2,1.06988040797,0,nan,0
7,2,2,124,2,1,1,7,1,7,1,1.15987034883,0,nan,0
7,2,2,125,2,1,1,1,1,1,1,1.21986364273,0,nan,0
7,2,2,126,2,1,2,2,1,2,1,1.36984687749,0,nan,0
7,2,2,127,2,1,1,8,1,8,2,1.14987146651,0,nan,0
7,2,2,128,2,1,2,2,1,2,2,1.00988711406,0,nan,0
7,2,2,129,2,1,1,1,0,8,1,1.09987705492,0,nan,0
7,2,2,130,2,1,2,6,0,4,1,1.38984464213,0,nan,0
7,2,2,131,2,1,1,7,1,7,1,1.27985693664,0,nan,0
7,2,2,132,2,1,1,1,1,1,1,1.10987593724,0,nan,0
7,2,2,133,2,1,1,3,1,3,2,1.0298848787,0,nan,0
7,2,2,134,2,1,1,3,1,3,2,1.31985246591,0,nan,0
7,2,2,135,2,1,1,8,1,8,1,1.04988264333,0,nan,0
7,2,2,136,2,1,2,6,1,6,1,1.15987034883,0,nan,0
7,2,2,137,2,1,1,4,1,4,1,1.36984687749,0,nan,0
7,2,2,138,2,1,2,8,0,1,1,1.34984911286,0,nan,0
7,2,2,139,2,1,2,8,1,8,1,1.31985246591,0,nan,0
7,2,2,140,2,1,2,3,1,3,1,1.22986252505,0,nan,0
7,2,2,141,2,0,2,7,1,7,1,1.259859172,0,nan,0
7,2,2,142,2,1,1,3,1,3,1,1.10987593724,0,nan,0
7,2,2,143,2,1,2,4,1,4,2,1.30985358359,0,nan,0
7,2,2,144,2,1,1,2,1,2,2,1.06988040797,0,nan,0
7,2,2,145,2,1,1,5,1,5,1,1.20986476041,0,nan,0
7,2,2,146,2,1,2,5,1,5,2,1.01988599638,0,nan,0
7,2,2,147,2,0,2,1,1,1,1,1.20986476041,0,nan,0
7,2,2,148,2,1,2,2,1,2,2,1.21986364273,0,nan,0
7,2,2,149,2,1,2,5,1,5,2,1.15987034883,0,nan,0
7,2,2,150,2,1,1,7,1,7,2,1.13987258419,0,nan,0
7,2,2,151,2,1,1,3,1,3,2,1.12987370187,0,nan,0
7,2,2,152,2,1,2,7,1,7,2,1.15987034883,0,nan,0
7,2,2,153,2,1,1,6,1,6,2,1.1998658781,0,nan,0
7,2,2,154,2,1,2,6,1,6,2,1.17986811346,0,nan,0
7,2,2,155,2,1,1,2,0,7,1,1.03988376102,0,nan,0
7,2,2,156,2,1,1,5,0,4,2,1.17986811346,0,nan,0
7,2,2,157,2,1,2,3,1,3,1,0.999888231747,0,nan,0
7,2,2,158,2,1,1,5,1,5,2,1.38984464213,0,nan,0
7,2,2,159,2,1,1,5,0,7,2,1.01988599638,0,nan,0
7,2,2,160,2,1,1,3,0,2,1,1.20986476041,0,nan,0
7,2,3,161,2,1,1,6,1,6,2,1.0298848787,0,nan,0
7,2,3,162,2,1,2,7,1,7,1,1.20986476041,0,nan,0
7,2,3,163,2,1,1,4,1,4,1,1.12987370187,0,nan,0
7,2,3,164,2,1,1,8,1,8,1,1.13987258419,0,nan,0
7,2,3,165,2,1,1,5,1,5,2,1.259859172,0,nan,0
7,2,3,166,2,1,1,2,1,2,1,1.24986028968,0,nan,0
7,2,3,167,2,1,2,7,1,7,1,1.28985581895,0,nan,0
7,2,3,168,2,1,1,6,1,6,2,1.01988599638,0,nan,0
7,2,3,169,2,1,2,3,1,3,1,1.31985246591,0,nan,0
7,2,3,170,2,1,2,6,1,6,2,1.04988264333,0,nan,0
7,2,3,171,2,1,1,4,1,4,2,1.26985805432,0,nan,0
7,2,3,172,2,1,1,4,1,4,1,1.18986699578,0,nan,0
7,2,3,173,2,0,2,8,1,8,2,1.36984687749,0,nan,0
7,2,3,174,2,1,1,6,0,4,1,1.07987929029,0,nan,0
7,2,3,175,2,1,2,8,0,6,2,1.28985581895,0,nan,0
7,2,3,176,2,1,1,3,1,3,2,1.11987481956,0,nan,0
7,2,3,177,2,1,2,5,1,5,2,1.07987929029,0,nan,0
7,2,3,178,2,1,1,1,1,1,2,1.38984464213,0,nan,0
7,2,3,179,2,1,1,6,1,6,2,1.30985358359,0,nan,0
7,2,3,180,2,1,2,2,0,8,1,1.12987370187,0,nan,0
7,2,3,181,2,1,2,2,1,2,2,1.0298848787,0,nan,0
7,2,3,182,2,1,1,1,1,1,2,1.31985246591,0,nan,0
7,2,3,183,2,1,2,5,1,5,2,1.16986923114,0,nan,0
7,2,3,184,2,1,2,3,1,3,1,1.1998658781,0,nan,0
7,2,3,185,2,1,1,7,1,7,2,1.04988264333,0,nan,0
7,2,3,186,2,1,2,1,0,2,1,1.07987929029,0,nan,0
7,2,3,187,2,1,1,7,1,7,2,1.11987481956,0,nan,0
7,2,3,188,2,1,2,1,1,1,2,1.11987481956,0,nan,0
7,2,3,189,2,1,2,4,1,4,1,1.31985246591,0,nan,0
7,2,3,190,2,1,1,4,1,4,2,1.29985470127,0,nan,0
7,2,3,191,2,1,1,8,1,8,1,1.06988040797,0,nan,0
7,2,3,192,2,1,2,5,0,8,2,1.17986811346,0,nan,0
7,2,3,193,2,1,2,2,1,2,2,1.20986476041,0,nan,0
7,2,3,194,2,1,2,5,1,5,2,1.33985023054,0,nan,0
7,2,3,195,2,1,1,6,1,6,1,1.17986811346,0,nan,0
7,2,3,196,2,1,2,5,1,5,1,1.33985023054,0,nan,0
7,2,3,197,2,1,2,7,0,3,2,1.0898781726,0,nan,0
7,2,3,198,2,1,2,3,1,3,2,1.18986699578,0,nan,0
7,2,3,199,2,1,2,6,1,6,1,1.38984464213,0,nan,0
7,2,3,200,2,1,1,4,1,4,2,1.22986252505,0,nan,0
7,2,3,201,2,1,2,2,1,2,2,1.16986923114,0,nan,0
7,2,3,202,2,1,1,5,1,5,1,1.33985023054,0,nan,0
7,2,3,203,2,1,1,5,1,5,2,1.37984575981,0,nan,0
7,2,3,204,2,1,2,1,1,1,1,1.17986811346,0,nan,0
7,2,3,205,2,1,2,8,0,7,1,1.10987593724,0,nan,0
7,2,3,206,2,1,2,8,1,8,1,1.18986699578,0,nan,0
7,2,3,207,2,1,2,7,1,7,2,1.06988040797,0,nan,0
7,2,3,208,2,1,2,3,1,3,1,1.36984687749,0,nan,0
7,2,3,209,2,1,2,3,1,3,1,1.36984687749,0,nan,0
7,2,3,210,2,1,2,4,0,8,1,1.10987593724,0,nan,0
7,2,3,211,2,0,1,7,1,7,1,1.33985023054,0,nan,0
7,2,3,212,2,1,1,1,1,1,1,1.13987258419,0,nan,0
7,2,3,213,2,1,1,4,1,4,1,1.09987705492,0,nan,0
7,2,3,214,2,1,1,2,1,2,2,1.20986476041,0,nan,0
7,2,3,215,2,1,2,4,0,2,1,1.13987258419,0,nan,0
7,2,3,216,2,1,1,8,1,8,1,1.24986028968,0,nan,0
7,2,3,217,2,1,2,1,0,4,2,1.21986364273,0,nan,0
7,2,3,218,2,1,1,8,1,8,2,1.33985023054,0,nan,0
7,2,3,219,2,1,1,7,1,7,2,1.259859172,0,nan,0
7,2,3,220,2,1,2,1,1,1,2,1.15987034883,0,nan,0
7,2,3,221,2,1,2,3,1,3,1,1.0898781726,0,nan,0
7,2,3,222,2,1,2,3,0,6,1,1.24986028968,0,nan,0
7,2,3,223,2,1,2,5,0,1,2,1.29985470127,0,nan,0
7,2,3,224,2,1,2,8,1,8,2,1.03988376102,0,nan,0
7,2,3,225,2,1,1,4,1,4,1,1.37984575981,0,nan,0
7,2,3,226,2,1,1,6,1,6,1,1.32985134822,0,nan,0
7,2,3,227,2,1,2,1,1,1,1,1.12987370187,0,nan,0
7,2,3,228,2,1,1,6,1,6,1,1.259859172,0,nan,0
7,2,3,229,2,1,1,3,0,8,1,1.17986811346,0,nan,0
7,2,3,230,2,1,1,2,1,2,1,1.26985805432,0,nan,0
7,2,3,231,2,1,2,7,0,5,1,1.33985023054,0,nan,0
7,2,3,232,2,1,1,3,1,3,2,1.34984911286,0,nan,0
7,2,3,233,2,1,1,6,0,1,2,1.37984575981,0,nan,0
7,2,3,234,2,1,1,2,0,3,2,1.14987146651,0,nan,0
7,2,3,235,2,1,2,7,1,7,2,1.11987481956,0,nan,0
7,2,3,236,2,1,2,5,1,5,2,1.03988376102,0,nan,0
7,2,3,237,2,1,1,8,1,8,1,1.04988264333,0,nan,0
7,2,3,238,2,1,1,2,1,2,1,1.35984799518,0,nan,0
7,2,3,239,2,1,1,2,1,2,2,1.1998658781,0,nan,0
7,2,3,240,2,1,2,1,1,1,1,1.24986028968,0,nan,0
7,2,4,241,1,1,2,7,1,7,1,1.17986811346,1,0.519745441352,1
7,2,4,242,1,1,2,1,1,1,2,1.1998658781,2,0.480509032775,1
7,2,4,243,1,1,2,6,1,6,1,1.14987146651,1,0.526786495908,1
7,2,4,244,1,1,2,4,1,4,2,1.34984911286,2,0.659074704306,1
7,2,4,245,1,1,1,2,1,2,1,1.01988599638,1,0.608890474698,1
7,2,4,246,1,1,1,5,0,3,1,1.34984911286,2,1.07383372063,0
7,2,4,247,1,1,1,2,1,2,2,1.09987705492,2,0.573414728829,1
7,2,4,248,1,1,1,2,0,6,1,1.21986364273,2,0.902383363007,0
7,2,4,249,1,1,2,7,1,7,1,1.36984687749,1,0.600010746475,1
7,2,4,250,1,1,2,5,1,5,2,1.15987034883,2,0.714863402032,1
7,2,4,251,1,1,1,1,1,1,1,1.20986476041,1,0.494584198937,1
7,2,4,252,1,1,2,8,1,8,1,1.12987370187,1,0.671965946956,1
7,2,4,253,1,1,1,1,1,1,2,1.15987034883,2,0.469272324746,1
7,2,4,254,1,1,1,3,1,3,2,1.1998658781,2,0.450000815043,1
7,2,4,255,1,1,1,2,1,2,1,1.38984464213,1,0.486118934505,1
7,2,4,256,1,1,2,3,0,2,2,1.12987370187,2,0.536754455712,1
7,2,4,257,1,1,2,5,1,5,2,1.36984687749,2,0.714480634308,1
7,2,4,258,1,1,2,3,1,3,1,1.21986364273,1,0.721326380726,1
7,2,4,259,1,1,1,6,1,6,2,1.07987929029,2,0.711623460402,1
7,2,4,260,1,1,1,5,1,5,2,1.05988152565,2,0.663870771819,1
7,2,4,261,1,1,1,6,1,6,1,1.27985693664,1,0.521818665902,1
7,2,4,262,1,1,1,4,1,4,1,1.30985358359,1,0.692486281641,1
7,2,4,263,1,1,1,7,1,7,1,1.01988599638,1,0.67841986963,1
7,2,4,264,1,1,2,1,1,1,2,1.37984575981,2,0.603199068801,1
7,2,4,265,1,1,2,7,0,8,2,1.0298848787,2,0.658873056957,1
7,2,4,266,1,1,1,1,1,1,1,1.259859172,2,0.472344730029,0
7,2,4,267,1,1,2,6,1,6,1,1.17986811346,1,0.419461504978,1
7,2,4,268,1,1,2,2,1,2,2,1.16986923114,2,0.450331963459,1
7,2,4,269,1,1,2,4,1,4,2,1.28985581895,2,0.600347932239,1
7,2,4,270,1,1,2,3,1,3,2,1.0898781726,2,0.463102761059,1
7,2,4,271,1,1,1,2,0,4,2,1.33985023054,2,0.588800904636,1
7,2,4,272,1,1,1,6,1,6,1,1.28985581895,1,0.699744982512,1
7,2,4,273,1,1,2,8,1,8,1,1.33985023054,2,0.626496582561,0
7,2,4,274,1,1,2,5,1,5,1,1.36984687749,2,0.690169148316,0
7,2,4,275,1,1,1,3,0,4,1,1.06988040797,2,0.705265229657,0
7,2,4,276,1,1,1,8,1,8,2,1.01988599638,2,0.632639581925,1
7,2,4,277,1,1,2,5,1,5,2,1.38984464213,2,0.459524124328,1
7,2,4,278,1,1,1,4,0,3,2,1.00988711406,2,0.67933905553,1
7,2,4,279,1,1,1,7,0,6,1,1.01988599638,1,0.64269478138,1
7,2,4,280,1,1,1,6,0,2,2,1.03988376102,2,0.587204630403,1
7,2,4,281,1,1,1,7,1,7,2,1.23986140737,2,0.546029630086,1
7,2,4,282,1,1,1,8,1,8,2,1.23986140737,2,0.551739449889,1
7,2,4,283,1,1,2,2,1,2,2,1.34984911286,2,0.530486483289,1
7,2,4,284,1,1,1,2,1,2,2,1.17986811346,2,0.474894301167,1
7,2,4,285,1,1,2,2,1,2,2,1.26985805432,2,0.397193056811,1
7,2,4,286,1,1,2,4,1,4,1,1.24986028968,2,0.788957936,0
7,2,4,287,1,1,1,8,1,8,1,1.35984799518,1,0.55972142479,1
7,2,4,288,1,1,2,3,1,3,1,1.33985023054,1,0.533496100177,1
7,2,4,289,1,1,1,1,0,2,2,1.28985581895,2,0.558275480467,1
7,2,4,290,1,1,1,6,1,6,1,1.00988711406,1,0.528263230692,1
7,2,4,291,1,1,2,3,1,3,2,1.04988264333,2,0.594928508768,1
7,2,4,292,1,1,2,8,1,8,2,1.29985470127,2,0.86070152751,1
7,2,4,293,1,1,2,8,1,8,1,1.35984799518,1,0.412432223247,1
7,2,4,294,1,1,2,1,0,8,2,1.17986811346,2,0.606234948142,1
7,2,4,295,1,1,2,8,0,3,2,1.32985134822,2,0.63026599942,1
7,2,4,296,1,1,2,1,1,1,1,1.36984687749,2,0.685873274904,0
7,2,4,297,1,1,1,6,0,5,2,1.05988152565,2,0.528747123959,1
7,2,4,298,1,1,2,5,1,5,2,1.28985581895,1,0.873529679893,0
7,2,4,299,1,1,1,7,1,7,1,1.14987146651,1,0.749368342695,1
7,2,4,300,1,1,1,6,1,6,1,1.24986028968,1,0.924244592197,1
7,2,4,301,1,1,2,5,1,5,1,1.34984911286,1,0.749969662338,1
7,2,4,302,1,1,2,3,1,3,2,1.10987593724,2,0.738842532135,1
7,2,4,303,1,1,2,7,1,7,1,1.17986811346,1,1.17856416219,1
7,2,4,304,1,1,1,4,1,4,1,1.16986923114,1,0.659195451222,1
7,2,4,305,1,0,2,6,1,6,1,1.24986028968,1,1.07915413163,1
7,2,4,306,1,1,1,8,0,7,1,1.1998658781,1,0.639771196667,1
7,2,4,307,1,1,1,1,1,1,1,1.20986476041,1,0.665621602106,1
7,2,4,308,1,1,2,1,1,1,2,1.32985134822,2,0.479066408992,1
7,2,4,309,1,1,1,4,0,1,1,1.35984799518,2,0.518257839343,0
7,2,4,310,1,1,2,8,1,8,1,1.30985358359,1,0.503165078542,1
7,2,4,311,1,1,2,7,1,7,2,1.18986699578,2,0.581976590796,1
7,2,4,312,1,1,2,2,1,2,2,1.03988376102,2,0.529681101358,1
7,2,4,313,1,1,1,5,0,2,1,1.06988040797,1,0.931134411241,1
7,2,4,314,1,1,1,4,1,4,2,1.27985693664,2,0.678409304275,1
7,2,4,315,1,1,1,5,1,5,2,1.06988040797,1,0.678425906975,0
7,2,4,316,1,1,1,3,1,3,1,1.18986699578,1,0.675527980984,1
7,2,4,317,1,1,2,3,1,3,2,1.1998658781,2,0.553737811355,1
7,2,4,318,1,1,2,4,1,4,1,1.18986699578,1,0.574205922998,1
7,2,4,319,1,1,1,7,1,7,2,1.30985358359,2,0.595189623977,1
7,2,4,320,1,1,2,4,1,4,1,1.09987705492,1,0.540120276002,1
7,2,5,321,2,1,2,3,1,3,1,1.11987481956,0,nan,0
7,2,5,322,2,1,1,8,1,8,1,1.06988040797,0,nan,0
7,2,5,323,2,1,2,6,1,6,1,1.37984575981,0,nan,0
7,2,5,324,2,1,2,6,1,6,1,1.12987370187,0,nan,0
7,2,5,325,2,1,1,4,1,4,2,1.35984799518,0,nan,0
7,2,5,326,2,1,2,3,0,8,2,1.38984464213,0,nan,0
7,2,5,327,2,1,1,3,1,3,1,1.09987705492,0,nan,0
7,2,5,328,2,1,2,1,1,1,2,1.27985693664,0,nan,0
7,2,5,329,2,1,2,8,0,2,1,1.37984575981,0,nan,0
7,2,5,330,2,1,2,2,1,2,1,1.259859172,0,nan,0
7,2,5,331,2,1,1,2,0,1,2,1.24986028968,0,nan,0
7,2,5,332,2,0,2,5,1,5,2,1.34984911286,0,nan,0
7,2,5,333,2,1,2,5,1,5,1,1.31985246591,0,nan,0
7,2,5,334,2,1,2,5,1,5,2,1.35984799518,0,nan,0
7,2,5,335,2,1,2,2,1,2,2,1.24986028968,0,nan,0
7,2,5,336,2,1,2,8,1,8,2,1.17986811346,0,nan,0
7,2,5,337,2,1,2,7,1,7,1,1.07987929029,0,nan,0
7,2,5,338,2,1,1,7,0,5,2,1.32985134822,0,nan,0
7,2,5,339,2,0,2,7,1,7,1,1.10987593724,0,nan,0
7,2,5,340,2,1,2,5,1,5,1,1.29985470127,0,nan,0
7,2,5,341,2,1,2,1,1,1,1,1.06988040797,0,nan,0
7,2,5,342,2,1,2,4,1,4,1,1.27985693664,0,nan,0
7,2,5,343,2,1,2,3,1,3,2,1.00988711406,0,nan,0
7,2,5,344,2,1,1,7,1,7,2,1.0298848787,0,nan,0
7,2,5,345,2,1,2,2,1,2,2,1.39984352445,0,nan,0
7,2,5,346,2,1,1,7,1,7,1,1.15987034883,0,nan,0
7,2,5,347,2,1,2,1,1,1,1,1.29985470127,0,nan,0
7,2,5,348,2,1,2,5,1,5,2,1.35984799518,0,nan,0
7,2,5,349,2,1,1,2,1,2,2,1.17986811346,0,nan,0
7,2,5,350,2,1,2,4,1,4,2,1.36984687749,0,nan,0
7,2,5,351,2,1,1,6,0,8,1,1.37984575981,0,nan,0
7,2,5,352,2,1,2,8,0,5,2,1.15987034883,0,nan,0
7,2,5,353,2,1,1,8,1,8,1,1.0898781726,0,nan,0
7,2,5,354,2,1,2,3,1,3,1,1.22986252505,0,nan,0
7,2,5,355,2,1,1,1,1,1,2,1.35984799518,0,nan,0
7,2,5,356,2,1,2,2,1,2,1,1.00988711406,0,nan,0
7,2,5,357,2,1,2,6,1,6,1,1.33985023054,0,nan,0
7,2,5,358,2,1,1,3,1,3,1,1.11987481956,0,nan,0
7,2,5,359,2,1,1,4,1,4,2,1.28985581895,0,nan,0
7,2,5,360,2,1,2,3,1,3,1,1.26985805432,0,nan,0
7,2,5,361,2,1,2,7,0,6,1,1.21986364273,0,nan,0
7,2,5,362,2,1,1,1,1,1,2,1.259859172,0,nan,0
7,2,5,363,2,1,1,8,1,8,2,0.999888231747,0,nan,0
7,2,5,364,2,1,2,4,1,4,2,1.20986476041,0,nan,0
7,2,5,365,2,1,2,4,1,4,1,1.28985581895,0,nan,0
7,2,5,366,2,1,1,8,1,8,2,1.259859172,0,nan,0
7,2,5,367,2,1,2,8,1,8,2,1.30985358359,0,nan,0
7,2,5,368,2,1,1,8,1,8,2,1.20986476041,0,nan,0
7,2,5,369,2,1,2,5,1,5,1,1.30985358359,0,nan,0
7,2,5,370,2,1,1,3,1,3,1,1.04988264333,0,nan,0
7,2,5,371,2,1,1,6,1,6,1,1.12987370187,0,nan,0
7,2,5,372,2,1,1,6,1,6,2,1.03988376102,0,nan,0
7,2,5,373,2,1,1,1,1,1,2,1.01988599638,0,nan,0
7,2,5,374,2,1,2,6,0,2,2,1.28985581895,0,nan,0
7,2,5,375,2,1,1,4,1,4,2,1.28985581895,0,nan,0
7,2,5,376,2,1,2,1,0,2,2,1.03988376102,0,nan,0
7,2,5,377,2,1,2,3,0,4,2,0.999888231747,0,nan,0
7,2,5,378,2,1,1,6,1,6,2,1.22986252505,0,nan,0
7,2,5,379,2,1,1,4,1,4,2,1.259859172,0,nan,0
7,2,5,380,2,1,1,5,0,2,1,1.07987929029,0,nan,0
7,2,5,381,2,1,2,5,1,5,1,1.33985023054,0,nan,0
7,2,5,382,2,1,2,7,1,7,1,1.14987146651,0,nan,0
7,2,5,383,2,1,1,1,0,7,2,1.01988599638,0,nan,0
7,2,5,384,2,1,1,6,1,6,2,1.01988599638,0,nan,0
7,2,5,385,2,1,1,3,1,3,1,1.01988599638,0,nan,0
7,2,5,386,2,1,2,7,1,7,1,1.18986699578,0,nan,0
7,2,5,387,2,1,2,5,1,5,1,1.16986923114,0,nan,0
7,2,5,388,2,1,1,4,0,7,2,1.09987705492,0,nan,0
7,2,5,389,2,1,1,2,1,2,2,1.38984464213,0,nan,0
7,2,5,390,2,1,2,1,1,1,1,1.0298848787,0,nan,0
7,2,5,391,2,1,1,7,1,7,1,1.05988152565,0,nan,0
7,2,5,392,2,1,2,8,1,8,1,1.07987929029,0,nan,0
7,2,5,393,2,0,1,5,0,7,2,1.0898781726,0,nan,0
7,2,5,394,2,1,2,2,1,2,1,1.32985134822,0,nan,0
7,2,5,395,2,1,1,1,1,1,2,1.22986252505,0,nan,0
7,2,5,396,2,1,2,2,1,2,1,1.31985246591,0,nan,0
7,2,5,397,2,1,2,7,1,7,1,1.14987146651,0,nan,0
7,2,5,398,2,1,2,6,1,6,1,1.34984911286,0,nan,0
7,2,5,399,2,1,1,2,0,5,2,1.30985358359,0,nan,0
7,2,5,400,2,1,1,4,0,2,2,1.12987370187,0,nan,0
7,2,6,401,1,1,1,2,1,2,2,1.33985023054,2,0.645311065187,1
7,2,6,402,1,1,2,6,1,6,2,1.27985693664,2,0.596262460327,1
7,2,6,403,1,1,1,7,1,7,2,1.14987146651,2,0.528079091644,1
7,2,6,404,1,1,1,8,1,8,1,1.34984911286,1,0.410866135742,1
7,2,6,405,1,1,1,5,1,5,1,1.37984575981,1,0.558529350857,1
7,2,6,406,1,1,2,2,0,3,1,1.12987370187,2,0.598183845632,0
7,2,6,407,1,1,1,5,0,1,2,1.22986252505,2,0.705161991043,1
7,2,6,408,1,1,2,8,1,8,1,1.20986476041,1,0.434159121494,1
7,2,6,409,1,1,1,7,1,7,1,1.21986364273,2,0.40179019378,0
7,2,6,410,1,1,1,4,1,4,2,1.17986811346,2,0.572721339664,1
7,2,6,411,1,1,1,8,0,2,1,1.09987705492,1,0.515055932989,1
7,2,6,412,1,1,2,5,1,5,1,1.04988264333,1,0.457498292941,1
7,2,6,413,1,1,2,1,1,1,2,1.11987481956,2,0.391166578218,1
7,2,6,414,1,1,2,6,1,6,1,1.26985805432,1,0.428648534102,1
7,2,6,415,1,1,1,8,1,8,1,1.38984464213,1,0.617736393786,1
7,2,6,416,1,1,1,1,1,1,2,1.14987146651,2,0.38467401653,1
7,2,6,417,1,1,2,5,1,5,2,1.22986252505,1,0.734367953286,0
7,2,6,418,1,1,2,4,0,5,1,1.23986140737,1,0.571724875736,1
7,2,6,419,1,1,2,6,1,6,2,1.33985023054,2,0.743449026992,1
7,2,6,420,1,1,1,7,1,7,2,1.06988040797,1,0.637639409861,0
7,2,6,421,1,1,1,3,1,3,2,1.09987705492,2,0.693634282949,1
7,2,6,422,1,0,1,5,1,5,2,1.37984575981,2,0.860982264088,1
7,2,6,423,1,1,1,4,1,4,1,1.16986923114,1,0.638059005396,1
7,2,6,424,1,1,2,6,1,6,1,1.18986699578,1,0.527402908914,1
7,2,6,425,1,1,1,1,1,1,1,1.14987146651,1,0.556066415635,1
7,2,6,426,1,1,2,1,0,6,1,1.15987034883,2,0.739400081022,0
7,2,6,427,1,1,1,7,1,7,2,1.06988040797,2,0.709312062558,1
7,2,6,428,1,1,1,8,1,8,1,1.11987481956,1,0.734214000968,1
7,2,6,429,1,1,1,1,1,1,1,1.12987370187,1,0.535923113195,1
7,2,6,430,1,1,2,8,0,2,2,1.38984464213,2,0.526748460627,1
7,2,6,431,1,1,1,3,1,3,1,1.0898781726,1,0.83467966145,1
7,2,6,432,1,1,1,3,1,3,2,1.259859172,1,1.08136047965,0
7,2,6,433,1,0,1,2,1,2,1,1.10987593724,1,0.492802578188,1
7,2,6,434,1,0,2,2,1,2,1,1.18986699578,2,0.751976777954,0
7,2,6,435,1,0,2,3,1,3,2,1.13987258419,2,0.756747790483,1
7,2,6,436,1,1,1,6,1,6,2,1.26985805432,2,0.722403443218,1
7,2,6,437,1,1,1,6,1,6,1,1.30985358359,1,0.637425687821,1
7,2,6,438,1,0,2,3,1,3,2,1.0298848787,2,0.773134052622,1
7,2,6,439,1,0,1,8,1,8,1,1.31985246591,1,0.655882155839,1
7,2,6,440,1,1,2,1,1,1,2,1.03988376102,2,0.488384146654,1
7,2,6,441,1,1,1,5,1,5,2,1.23986140737,2,0.509595455569,1
7,2,6,442,1,1,1,8,1,8,1,1.05988152565,1,0.748918258565,1
7,2,6,443,1,1,1,1,1,1,2,1.11987481956,2,0.536186341471,1
7,2,6,444,1,1,1,3,1,3,2,1.11987481956,2,0.649031881412,1
7,2,6,445,1,1,2,6,0,5,2,1.39984352445,1,0.723800485041,0
7,2,6,446,1,1,2,1,1,1,2,1.12987370187,2,0.470060198375,1
7,2,6,447,1,1,2,7,1,7,1,1.05988152565,1,0.570505935617,1
7,2,6,448,1,1,2,4,1,4,2,1.28985581895,2,0.876750905752,1
7,2,6,449,1,1,1,8,1,8,1,1.33985023054,1,0.718852880145,1
7,2,6,450,1,1,2,3,1,3,2,1.34984911286,2,0.475281596902,1
7,2,6,451,1,1,2,2,1,2,2,1.26985805432,2,0.501478244123,1
7,2,6,452,1,1,2,7,1,7,1,1.0298848787,2,1.37119534014,0
7,2,6,453,1,1,2,1,0,4,2,1.36984687749,2,0.690117529011,1
7,2,6,454,1,1,2,5,1,5,1,1.34984911286,1,0.742447733188,1
7,2,6,455,1,0,2,2,1,2,2,1.36984687749,2,0.430655649718,1
7,2,6,456,1,1,1,6,0,1,1,1.37984575981,2,0.624723112227,0
7,2,6,457,1,1,1,3,0,5,1,1.21986364273,1,0.623234000883,1
7,2,6,458,1,1,1,5,0,3,2,1.12987370187,2,0.67709708716,1
7,2,6,459,1,1,2,4,1,4,1,1.20986476041,1,0.839760691686,1
7,2,6,460,1,1,1,6,1,6,1,1.06988040797,1,0.620752651754,1
7,2,6,461,1,1,2,4,0,8,1,1.12987370187,1,0.488444520113,1
7,2,6,462,1,1,2,2,1,2,2,1.16986923114,2,0.375215910581,1
7,2,6,463,1,0,2,8,1,8,1,1.22986252505,2,1.15703287395,0
7,2,6,464,1,1,2,3,0,8,1,1.27985693664,1,0.545921259729,1
7,2,6,465,1,1,1,7,1,7,2,1.12987370187,2,0.403499366381,1
7,2,6,466,1,1,1,3,1,3,2,1.12987370187,2,0.584500503212,1
7,2,6,467,1,1,1,2,1,2,2,1.09987705492,2,0.724250871037,1
7,2,6,468,1,1,1,6,1,6,2,1.30985358359,1,0.993055542978,0
7,2,6,469,1,1,1,7,1,7,1,1.37984575981,1,0.452853159071,1
7,2,6,470,1,1,1,5,1,5,1,1.18986699578,1,0.6623943389,1
7,2,6,471,1,1,2,4,1,4,1,1.1998658781,1,0.681445485485,1
7,2,6,472,1,1,1,2,0,5,2,1.30985358359,2,0.62836936723,1
7,2,6,473,1,1,2,7,0,1,1,1.38984464213,2,0.704139566531,0
7,2,6,474,1,1,1,2,1,2,2,1.13987258419,2,0.668789397454,1
7,2,6,475,1,1,1,4,1,4,2,1.29985470127,2,0.93053067666,1
7,2,6,476,1,0,1,4,1,4,1,1.17986811346,1,1.05530027645,1
7,2,6,477,1,1,2,5,1,5,1,1.31985246591,1,0.64106137747,1
7,2,6,478,1,1,1,1,1,1,2,1.31985246591,2,0.390470472248,1
7,2,6,479,1,1,1,7,0,1,2,1.21986364273,2,0.643826783718,1
7,2,6,480,1,1,1,4,1,4,1,1.14987146651,0,nan,0
7,2,7,481,2,1,1,5,0,2,1,1.22986252505,0,nan,0
7,2,7,482,2,1,1,4,1,4,1,1.30985358359,0,nan,0
7,2,7,483,2,1,1,5,1,5,2,1.07987929029,0,nan,0
7,2,7,484,2,1,1,3,1,3,1,1.21986364273,0,nan,0
7,2,7,485,2,1,2,2,1,2,2,1.07987929029,0,nan,0
7,2,7,486,2,1,2,7,1,7,1,1.35984799518,0,nan,0
7,2,7,487,2,1,1,7,1,7,1,1.29985470127,0,nan,0
7,2,7,488,2,1,2,1,1,1,1,1.33985023054,0,nan,0
7,2,7,489,2,1,1,4,1,4,1,1.09987705492,0,nan,0
7,2,7,490,2,1,1,1,0,3,2,1.00988711406,0,nan,0
7,2,7,491,2,1,1,8,0,2,1,1.23986140737,0,nan,0
7,2,7,492,2,1,1,1,1,1,1,1.29985470127,0,nan,0
7,2,7,493,2,1,2,5,1,5,1,1.15987034883,0,nan,0
7,2,7,494,2,1,1,4,0,2,2,1.10987593724,0,nan,0
7,2,7,495,2,1,2,8,1,8,1,1.10987593724,0,nan,0
7,2,7,496,2,1,2,6,1,6,1,1.20986476041,0,nan,0
7,2,7,497,2,1,1,3,0,4,1,1.11987481956,0,nan,0
7,2,7,498,2,1,2,2,1,2,2,1.15987034883,0,nan,0
7,2,7,499,2,1,1,1,0,4,1,1.00988711406,0,nan,0
7,2,7,500,2,1,2,4,1,4,2,1.31985246591,0,nan,0
7,2,7,501,2,1,2,4,1,4,2,1.259859172,0,nan,0
7,2,7,502,2,1,2,1,1,1,2,0.999888231747,0,nan,0
7,2,7,503,2,1,2,1,1,1,2,1.05988152565,0,nan,0
7,2,7,504,2,1,1,8,1,8,1,1.03988376102,0,nan,0
7,2,7,505,2,1,1,6,1,6,2,1.04988264333,0,nan,0
7,2,7,506,2,1,1,2,1,2,2,1.22986252505,0,nan,0
7,2,7,507,2,1,2,6,1,6,2,1.29985470127,0,nan,0
7,2,7,508,2,1,1,7,1,7,2,1.27985693664,0,nan,0
7,2,7,509,2,1,2,6,1,6,2,1.03988376102,0,nan,0
7,2,7,510,2,1,2,7,0,2,2,1.04988264333,0,nan,0
7,2,7,511,2,1,2,8,1,8,1,1.18986699578,0,nan,0
7,2,7,512,2,1,1,4,1,4,2,1.04988264333,0,nan,0
7,2,7,513,2,1,2,3,1,3,2,1.29985470127,0,nan,0
7,2,7,514,2,1,2,8,1,8,1,1.31985246591,0,nan,0
7,2,7,515,2,1,2,5,1,5,2,1.23986140737,0,nan,0
7,2,7,516,2,1,1,3,1,3,1,1.12987370187,0,nan,0
7,2,7,517,2,1,1,6,0,3,2,1.31985246591,0,nan,0
7,2,7,518,2,1,1,7,1,7,2,1.11987481956,0,nan,0
7,2,7,519,2,1,1,8,1,8,2,1.23986140737,0,nan,0
7,2,7,520,2,1,1,3,1,3,2,1.15987034883,0,nan,0
7,2,7,521,2,1,2,2,1,2,1,1.05988152565,0,nan,0
7,2,7,522,2,1,2,2,1,2,2,1.04988264333,0,nan,0
7,2,7,523,2,1,1,1,1,1,2,1.09987705492,0,nan,0
7,2,7,524,2,1,2,6,1,6,2,1.24986028968,0,nan,0
7,2,7,525,2,1,1,5,0,6,2,1.35984799518,0,nan,0
7,2,7,526,2,1,2,6,1,6,1,1.37984575981,0,nan,0
7,2,7,527,2,0,1,2,1,2,1,1.05988152565,0,nan,0
7,2,7,528,2,1,1,3,1,3,2,1.36984687749,0,nan,0
7,2,7,529,2,1,1,5,1,5,2,1.06988040797,0,nan,0
7,2,7,530,2,1,1,5,1,5,2,1.0298848787,0,nan,0
7,2,7,531,2,1,2,5,1,5,2,1.30985358359,0,nan,0
7,2,7,532,2,1,2,2,1,2,1,1.38984464213,0,nan,0
7,2,7,533,2,1,1,7,1,7,1,1.33985023054,0,nan,0
7,2,7,534,2,1,2,7,1,7,2,1.15987034883,0,nan,0
7,2,7,535,2,1,1,2,0,7,1,1.28985581895,0,nan,0
7,2,7,536,2,1,2,8,1,8,1,1.38984464213,0,nan,0
7,2,7,537,2,1,1,4,1,4,1,1.14987146651,0,nan,0
7,2,7,538,2,1,1,8,0,5,1,1.20986476041,0,nan,0
7,2,7,539,2,1,2,1,1,1,1,1.14987146651,0,nan,0
7,2,7,540,2,1,2,6,1,6,1,1.16986923114,0,nan,0
7,2,7,541,2,1,1,1,1,1,1,1.36984687749,0,nan,0
7,2,7,542,2,1,2,4,1,4,2,1.29985470127,0,nan,0
7,2,7,543,2,1,1,3,1,3,2,1.35984799518,0,nan,0
7,2,7,544,2,1,1,4,0,8,1,1.33985023054,0,nan,0
7,2,7,545,2,1,2,1,1,1,1,1.27985693664,0,nan,0
7,2,7,546,2,1,1,6,0,7,2,1.33985023054,0,nan,0
7,2,7,547,2,1,2,2,1,2,2,1.34984911286,0,nan,0
7,2,7,548,2,1,2,7,0,5,1,1.17986811346,0,nan,0
7,2,7,549,2,1,2,6,1,6,1,1.06988040797,0,nan,0
7,2,7,550,2,1,1,7,1,7,1,1.21986364273,0,nan,0
7,2,7,551,2,1,1,5,1,5,1,1.16986923114,0,nan,0
7,2,7,552,2,1,1,3,1,3,2,1.06988040797,0,nan,0
7,2,7,553,2,1,1,7,1,7,2,1.01988599638,0,nan,0
7,2,7,554,2,1,1,3,0,6,1,1.18986699578,0,nan,0
7,2,7,555,2,1,2,8,1,8,2,1.35984799518,0,nan,0
7,2,7,556,2,1,1,2,0,8,2,1.12987370187,0,nan,0
7,2,7,557,2,1,2,3,1,3,1,1.34984911286,0,nan,0
7,2,7,558,2,1,1,4,1,4,2,1.00988711406,0,nan,0
7,2,7,559,2,0,2,8,1,8,1,1.10987593724,0,nan,0
7,2,7,560,2,1,1,5,1,5,1,1.09987705492,0,nan,0
7,2,8,561,2,0,1,4,1,4,2,1.00988711406,0,nan,0
7,2,8,562,2,1,2,2,1,2,1,1.23986140737,0,nan,0
7,2,8,563,2,1,1,2,1,2,1,1.30985358359,0,nan,0
7,2,8,564,2,1,2,5,1,5,1,1.14987146651,0,nan,0
7,2,8,565,2,1,1,8,1,8,2,1.17986811346,0,nan,0
7,2,8,566,2,1,2,6,0,3,2,1.16986923114,0,nan,0
7,2,8,567,2,1,2,7,1,7,1,1.34984911286,0,nan,0
7,2,8,568,2,1,2,6,1,6,1,1.34984911286,0,nan,0
7,2,8,569,2,1,2,1,1,1,2,1.29985470127,0,nan,0
7,2,8,570,2,1,2,3,1,3,2,1.18986699578,0,nan,0
7,2,8,571,2,1,1,8,1,8,2,1.33985023054,0,nan,0
7,2,8,572,2,1,2,4,1,4,2,1.16986923114,0,nan,0
7,2,8,573,2,1,1,4,1,4,1,1.0898781726,0,nan,0
7,2,8,574,2,1,2,5,1,5,2,1.13987258419,0,nan,0
7,2,8,575,2,1,2,1,1,1,2,1.0898781726,0,nan,0
7,2,8,576,2,1,1,6,1,6,2,1.09987705492,0,nan,0
7,2,8,577,2,1,1,7,1,7,2,1.21986364273,0,nan,0
7,2,8,578,2,1,2,7,0,4,2,1.29985470127,0,nan,0
7,2,8,579,2,1,1,5,0,7,2,1.21986364273,0,nan,0
7,2,8,580,2,1,1,8,1,8,2,1.14987146651,0,nan,0
7,2,8,581,2,1,1,6,0,1,2,1.13987258419,0,nan,0
7,2,8,582,2,1,1,7,1,7,1,1.03988376102,0,nan,0
7,2,8,583,2,1,1,7,1,7,1,1.1998658781,0,nan,0
7,2,8,584,2,1,2,3,1,3,1,1.32985134822,0,nan,0
7,2,8,585,2,1,2,6,1,6,2,1.21986364273,0,nan,0
7,2,8,586,2,1,1,4,1,4,2,1.11987481956,0,nan,0
7,2,8,587,2,1,2,6,1,6,1,1.36984687749,0,nan,0
7,2,8,588,2,1,2,6,1,6,1,1.23986140737,0,nan,0
7,2,8,589,2,1,2,1,1,1,1,1.31985246591,0,nan,0
7,2,8,590,2,1,2,2,1,2,2,1.26985805432,0,nan,0
7,2,8,591,2,1,2,2,1,2,1,1.03988376102,0,nan,0
7,2,8,592,2,1,1,2,0,8,1,1.13987258419,0,nan,0
7,2,8,593,2,1,2,7,1,7,1,1.04988264333,0,nan,0
7,2,8,594,2,1,2,4,1,4,1,1.05988152565,0,nan,0
7,2,8,595,2,1,1,8,1,8,1,1.18986699578,0,nan,0
7,2,8,596,2,1,1,6,1,6,1,1.32985134822,0,nan,0
7,2,8,597,2,1,1,8,1,8,1,1.06988040797,0,nan,0
7,2,8,598,2,1,1,4,0,6,2,1.37984575981,0,nan,0
7,2,8,599,2,1,1,3,1,3,2,1.29985470127,0,nan,0
7,2,8,600,2,1,1,7,1,7,1,1.1998658781,0,nan,0
7,2,8,601,2,0,2,4,1,4,1,1.29985470127,0,nan,0
7,2,8,602,2,0,2,8,1,8,2,1.35984799518,0,nan,0
7,2,8,603,2,1,2,4,1,4,1,1.29985470127,0,nan,0
7,2,8,604,2,1,1,1,1,1,1,1.1998658781,0,nan,0
7,2,8,605,2,1,2,7,1,7,1,1.10987593724,0,nan,0
7,2,8,606,2,1,2,1,1,1,1,1.27985693664,0,nan,0
7,2,8,607,2,1,1,1,0,2,1,1.03988376102,0,nan,0
7,2,8,608,2,1,1,1,1,1,1,1.29985470127,0,nan,0
7,2,8,609,2,1,1,5,1,5,2,1.26985805432,0,nan,0
7,2,8,610,2,1,2,5,1,5,2,1.35984799518,0,nan,0
7,2,8,611,2,1,1,3,1,3,1,1.30985358359,0,nan,0
7,2,8,612,2,1,1,2,1,2,2,1.0898781726,0,nan,0
7,2,8,613,2,1,2,3,0,6,2,1.0898781726,0,nan,0
7,2,8,614,2,1,2,7,0,1,2,1.31985246591,0,nan,0
7,2,8,615,2,1,1,8,0,3,1,1.38984464213,0,nan,0
7,2,8,616,2,1,2,3,1,3,2,1.29985470127,0,nan,0
7,2,8,617,2,1,1,2,1,2,2,1.31985246591,0,nan,0
7,2,8,618,2,1,1,1,0,4,2,1.24986028968,0,nan,0
7,2,8,619,2,1,2,3,1,3,1,1.35984799518,0,nan,0
7,2,8,620,2,1,2,4,0,5,2,1.0898781726,0,nan,0
7,2,8,621,2,1,1,2,1,2,2,1.259859172,0,nan,0
7,2,8,622,2,1,2,5,1,5,2,1.00988711406,0,nan,0
7,2,8,623,2,1,2,3,1,3,1,1.00988711406,0,nan,0
7,2,8,624,2,1,1,3,0,4,2,1.34984911286,0,nan,0
7,2,8,625,2,1,1,5,1,5,1,1.20986476041,0,nan,0
7,2,8,626,2,1,2,4,1,4,1,1.24986028968,0,nan,0
7,2,8,627,2,1,2,1,1,1,2,1.03988376102,0,nan,0
7,2,8,628,2,1,2,5,1,5,2,1.23986140737,0,nan,0
7,2,8,629,2,1,2,3,1,3,2,1.13987258419,0,nan,0
7,2,8,630,2,1,1,5,1,5,2,1.29985470127,0,nan,0
7,2,8,631,2,1,2,2,1,2,1,1.14987146651,0,nan,0
7,2,8,632,2,1,2,6,1,6,2,1.11987481956,0,nan,0
7,2,8,633,2,1,2,8,1,8,1,1.12987370187,0,nan,0
7,2,8,634,2,1,2,6,1,6,1,1.22986252505,0,nan,0
7,2,8,635,2,1,2,5,0,1,1,1.14987146651,0,nan,0
7,2,8,636,2,1,2,8,0,1,2,1.39984352445,0,nan,0
7,2,8,637,2,1,2,2,0,1,1,1.00988711406,0,nan,0
7,2,8,638,2,1,2,8,1,8,1,1.01988599638,0,nan,0
7,2,8,639,2,1,2,7,1,7,1,1.21986364273,0,nan,0
7,2,8,640,2,1,1,1,1,1,2,1.34984911286,0,nan,0
7,2,9,641,2,0,1,7,1,7,2,1.20986476041,0,nan,0
7,2,9,642,2,1,1,4,0,2,1,1.28985581895,0,nan,0
7,2,9,643,2,1,1,2,1,2,2,1.34984911286,0,nan,0
7,2,9,644,2,1,1,8,1,8,1,1.11987481956,0,nan,0
7,2,9,645,2,1,1,6,0,7,2,1.18986699578,0,nan,0
7,2,9,646,2,1,1,4,1,4,2,1.21986364273,0,nan,0
7,2,9,647,2,1,2,1,1,1,1,1.06988040797,0,nan,0
7,2,9,648,2,1,1,7,1,7,1,1.37984575981,0,nan,0
7,2,9,649,2,1,1,1,1,1,1,1.06988040797,0,nan,0
7,2,9,650,2,1,1,6,1,6,1,1.03988376102,0,nan,0
7,2,9,651,2,1,1,3,1,3,2,1.06988040797,0,nan,0
7,2,9,652,2,1,1,1,1,1,1,1.01988599638,0,nan,0
7,2,9,653,2,1,2,6,1,6,1,1.07987929029,0,nan,0
7,2,9,654,2,1,1,3,1,3,1,1.259859172,0,nan,0
7,2,9,655,2,1,2,1,1,1,2,1.10987593724,0,nan,0
7,2,9,656,2,1,2,4,1,4,2,1.39984352445,0,nan,0
7,2,9,657,2,1,2,8,1,8,1,1.04988264333,0,nan,0
7,2,9,658,2,1,1,1,1,1,2,1.01988599638,0,nan,0
7,2,9,659,2,1,2,7,1,7,1,1.31985246591,0,nan,0
7,2,9,660,2,1,1,8,1,8,1,1.24986028968,0,nan,0
7,2,9,661,2,1,2,2,1,2,2,1.16986923114,0,nan,0
7,2,9,662,2,1,1,3,1,3,1,1.38984464213,0,nan,0
7,2,9,663,2,1,1,6,1,6,2,1.29985470127,0,nan,0
7,2,9,664,2,1,1,5,1,5,2,1.259859172,0,nan,0
7,2,9,665,2,1,2,2,1,2,1,1.20986476041,0,nan,0
7,2,9,666,2,1,2,5,0,1,1,1.15987034883,0,nan,0
7,2,9,667,2,1,1,3,1,3,2,1.24986028968,0,nan,0
7,2,9,668,2,1,2,4,1,4,2,1.14987146651,0,nan,0
7,2,9,669,2,1,1,8,1,8,1,1.22986252505,0,nan,0
7,2,9,670,2,1,2,5,1,5,2,1.1998658781,0,nan,0
7,2,9,671,2,1,1,8,0,7,2,1.00988711406,0,nan,0
7,2,9,672,2,1,2,1,0,4,1,1.11987481956,0,nan,0
7,2,9,673,2,1,1,1,0,5,1,1.05988152565,0,nan,0
7,2,9,674,2,1,2,7,1,7,1,1.13987258419,0,nan,0
7,2,9,675,2,1,1,6,1,6,2,1.05988152565,0,nan,0
7,2,9,676,2,1,1,7,1,7,1,1.37984575981,0,nan,0
7,2,9,677,2,1,1,5,0,2,2,1.10987593724,0,nan,0
7,2,9,678,2,1,2,6,1,6,2,1.24986028968,0,nan,0
7,2,9,679,2,1,2,4,1,4,1,1.21986364273,0,nan,0
7,2,9,680,2,1,1,6,0,7,1,1.32985134822,0,nan,0
7,2,9,681,2,1,2,7,1,7,2,1.12987370187,0,nan,0
7,2,9,682,2,1,2,2,1,2,2,1.23986140737,0,nan,0
7,2,9,683,2,1,2,3,1,3,1,1.39984352445,0,nan,0
7,2,9,684,2,1,2,5,1,5,1,1.0898781726,0,nan,0
7,2,9,685,2,1,2,1,1,1,2,1.35984799518,0,nan,0
7,2,9,686,2,1,2,3,0,7,2,1.05988152565,0,nan,0
7,2,9,687,2,1,2,3,1,3,1,1.18986699578,0,nan,0
7,2,9,688,2,1,2,2,1,2,1,1.1998658781,0,nan,0
7,2,9,689,2,1,1,3,0,2,1,1.24986028968,0,nan,0
7,2,9,690,2,1,1,7,1,7,1,1.35984799518,0,nan,0
7,2,9,691,2,1,2,2,1,2,1,1.0298848787,0,nan,0
7,2,9,692,2,1,2,8,0,2,2,1.05988152565,0,nan,0
7,2,9,693,2,1,1,4,0,6,2,1.14987146651,0,nan,0
7,2,9,694,2,1,1,5,1,5,2,1.10987593724,0,nan,0
7,2,9,695,2,1,1,8,1,8,2,1.0298848787,0,nan,0
7,2,9,696,2,1,2,5,1,5,2,1.05988152565,0,nan,0
7,2,9,697,2,1,1,6,1,6,2,0.999888231747,0,nan,0
7,2,9,698,2,1,2,4,1,4,1,1.259859172,0,nan,0
7,2,9,699,2,1,2,8,1,8,2,1.06988040797,0,nan,0
7,2,9,700,2,1,2,6,1,6,2,1.31985246591,0,nan,0
7,2,9,701,2,1,1,5,1,5,2,1.30985358359,0,nan,0
7,2,9,702,2,1,1,6,1,6,2,1.17986811346,0,nan,0
7,2,9,703,2,0,1,4,1,4,2,1.26985805432,0,nan,0
7,2,9,704,2,1,2,2,1,2,1,1.07987929029,0,nan,0
7,2,9,705,2,1,2,3,1,3,1,1.16986923114,0,nan,0
7,2,9,706,2,1,1,2,0,7,2,1.24986028968,0,nan,0
7,2,9,707,2,1,2,2,0,7,2,1.13987258419,0,nan,0
7,2,9,708,2,1,2,7,0,1,1,1.21986364273,0,nan,0
7,2,9,709,2,1,1,3,1,3,2,1.31985246591,0,nan,0
7,2,9,710,2,1,1,5,1,5,1,1.15987034883,0,nan,0
7,2,9,711,2,1,1,1,1,1,1,1.05988152565,0,nan,0
7,2,9,712,2,1,2,8,1,8,1,1.35984799518,0,nan,0
7,2,9,713,2,1,2,2,1,2,1,1.34984911286,0,nan,0
7,2,9,714,2,1,2,4,1,4,2,1.33985023054,0,nan,0
7,2,9,715,2,1,2,4,1,4,2,1.37984575981,0,nan,0
7,2,9,716,2,1,2,7,0,2,2,1.24986028968,0,nan,0
7,2,9,717,2,1,2,1,1,1,1,1.36984687749,0,nan,0
7,2,9,718,2,1,1,8,1,8,2,1.1998658781,0,nan,0
7,2,9,719,2,1,2,5,1,5,1,1.21986364273,0,nan,0
7,2,9,720,2,1,1,7,1,7,1,1.15987034883,0,nan,0
7,2,10,721,1,0,1,1,1,1,2,1.0898781726,2,0.486248737438,1
7,2,10,722,1,1,1,5,1,5,2,1.11987481956,2,0.986026261249,1
7,2,10,723,1,1,2,3,0,5,1,1.13987258419,2,1.2786050954,0
7,2,10,724,1,1,1,1,0,5,1,1.32985134822,2,1.07029643972,0
7,2,10,725,1,1,2,4,1,4,2,1.15987034883,2,0.829287707904,1
7,2,10,726,1,1,1,6,1,6,1,1.29985470127,1,0.537497954851,1
7,2,10,727,1,1,2,5,1,5,2,1.33985023054,1,0.447722320732,0
7,2,10,728,1,1,1,3,1,3,2,1.38984464213,2,0.444110478602,1
7,2,10,729,1,1,1,3,1,3,1,0.999888231747,2,0.572347024223,0
7,2,10,730,1,1,1,7,1,7,1,1.29985470127,1,0.873059370653,1
7,2,10,731,1,1,1,5,1,5,2,1.20986476041,1,0.691408615414,0
7,2,10,732,1,1,1,6,1,6,1,1.36984687749,1,0.661528583511,1
7,2,10,733,1,1,1,7,1,7,2,1.29985470127,2,0.621386874933,1
7,2,10,734,1,1,1,5,0,6,1,1.01988599638,1,1.03225240694,1
7,2,10,735,1,1,2,1,0,4,2,1.38984464213,2,0.734737438848,1
7,2,10,736,1,1,1,1,1,1,1,1.34984911286,1,0.634910831421,1
7,2,10,737,1,1,2,4,1,4,1,1.26985805432,1,0.588519866189,1
7,2,10,738,1,1,1,4,1,4,1,1.27985693664,1,0.589848082265,1
7,2,10,739,1,1,1,6,0,8,1,1.31985246591,1,0.643275574046,1
7,2,10,740,1,1,2,2,0,5,2,1.27985693664,1,0.632055468715,0
7,2,10,741,1,1,2,4,0,1,2,1.20986476041,1,0.624809446272,0
7,2,10,742,1,1,1,8,1,8,1,1.11987481956,1,0.442673590296,1
7,2,10,743,1,1,2,3,1,3,2,1.33985023054,2,0.569434910467,1
7,2,10,744,1,1,1,1,1,1,1,1.24986028968,1,0.387258906139,1
7,2,10,745,1,1,2,2,1,2,1,1.06988040797,1,0.486940617273,1
7,2,10,746,1,1,1,4,1,4,2,1.11987481956,2,0.943739483697,1
7,2,10,747,1,1,1,2,1,2,1,1.31985246591,1,0.494773469731,1
7,2,10,748,1,1,1,1,1,1,2,1.20986476041,1,0.43033234985,0
7,2,10,749,1,1,2,2,1,2,2,1.06988040797,1,0.773282269463,0
7,2,10,750,1,1,1,5,1,5,2,1.32985134822,2,0.634990826253,1
7,2,10,751,1,1,2,8,1,8,2,1.28985581895,1,0.561972751046,0
7,2,10,752,1,1,2,4,1,4,2,1.15987034883,2,0.599524438272,1
7,2,10,753,1,1,1,6,1,6,2,1.06988040797,1,0.752559381825,0
7,2,10,754,1,1,1,7,1,7,2,1.07987929029,2,0.632773611,1
7,2,10,755,1,1,2,7,0,2,2,1.05988152565,2,0.547062318088,1
7,2,10,756,1,1,2,1,1,1,2,1.0298848787,2,0.653339829518,1
7,2,10,757,1,1,1,2,0,7,1,1.30985358359,1,0.641871891145,1
7,2,10,758,1,1,1,8,1,8,1,1.37984575981,1,0.614133607673,1
7,2,10,759,1,1,1,6,1,6,1,1.24986028968,1,0.51491767777,1
7,2,10,760,1,1,1,3,1,3,1,1.14987146651,1,0.554558588519,1
7,2,10,761,1,1,1,2,1,2,1,1.18986699578,1,0.65128833941,1
7,2,10,762,1,1,2,1,1,1,2,1.13987258419,1,0.45161127704,0
7,2,10,763,1,1,1,8,0,3,1,1.0898781726,1,0.635485284874,1
7,2,10,764,1,1,2,5,1,5,2,1.06988040797,1,0.604786287015,0
7,2,10,765,1,1,2,6,1,6,1,1.36984687749,1,0.463901803778,1
7,2,10,766,1,1,2,3,1,3,1,1.35984799518,1,0.670920882396,1
7,2,10,767,1,1,2,2,1,2,2,1.37984575981,1,0.478592175481,0
7,2,10,768,1,1,1,3,1,3,2,1.00988711406,2,0.525524992499,1
7,2,10,769,1,1,2,6,1,6,2,1.15987034883,2,0.651104200362,1
7,2,10,770,1,1,1,5,0,7,2,1.27985693664,2,0.518046230372,1
7,2,10,771,1,1,1,8,1,8,1,1.01988599638,1,0.57636940587,1
7,2,10,772,1,1,1,5,1,5,1,1.16986923114,1,0.574641215633,1
7,2,10,773,1,1,1,7,1,7,2,1.37984575981,2,0.500345034314,1
7,2,10,774,1,1,1,8,0,1,2,1.04988264333,2,0.537244084455,1
7,2,10,775,1,1,1,4,1,4,1,1.36984687749,1,0.705507025355,1
7,2,10,776,1,1,2,7,0,6,1,1.04988264333,1,0.638501542846,1
7,2,10,777,1,1,2,4,1,4,1,1.28985581895,2,0.735548254394,0
7,2,10,778,1,1,2,7,1,7,2,1.07987929029,2,0.614419475995,1
7,2,10,779,1,1,1,5,1,5,1,1.22986252505,1,0.62817013482,1
7,2,10,780,1,1,2,7,1,7,1,1.32985134822,1,0.5514052828,1
7,2,10,781,1,1,2,4,1,4,1,1.16986923114,1,0.583401706273,1
7,2,10,782,1,1,1,6,1,6,1,1.36984687749,1,0.637477307126,1
7,2,10,783,1,1,2,4,0,7,1,1.03988376102,2,0.751347988386,0
7,2,10,784,1,1,1,1,1,1,2,1.32985134822,2,0.456334292667,1
7,2,10,785,1,1,2,1,1,1,1,1.36984687749,1,0.547999616025,1
7,2,10,786,1,1,1,8,1,8,2,1.05988152565,2,0.466726677885,1
7,2,10,787,1,1,1,3,0,5,1,1.04988264333,1,0.754703847055,1
7,2,10,788,1,1,2,3,1,3,2,1.20986476041,2,0.47358480086,1
7,2,10,789,1,1,2,2,1,2,2,1.24986028968,2,0.501081288632,1
7,2,10,790,1,1,1,8,1,8,1,0.999888231747,1,0.508115702109,1
7,2,10,791,1,1,1,5,1,5,2,1.34984911286,1,0.733900662719,0
7,2,10,792,1,1,1,2,1,2,1,1.13987258419,1,0.46455112032,1
7,2,10,793,1,1,1,8,1,8,2,1.06988040797,2,0.508483678339,1
7,2,10,794,1,1,2,6,1,6,1,1.29985470127,1,0.66317315651,1
7,2,10,795,1,1,1,6,0,1,2,1.31985246591,2,0.525138904231,1
7,2,10,796,1,1,2,7,1,7,1,1.39984352445,2,0.739661799962,0
7,2,10,797,1,1,2,2,1,2,1,0.999888231747,1,0.711661495679,1
7,2,10,798,1,1,2,3,1,3,2,1.30985358359,2,0.430984986931,1
7,2,10,799,1,1,2,8,1,8,2,1.34984911286,2,0.430286164152,1
7,2,10,800,1,1,2,7,1,7,2,1.18986699578,2,0.503621200016,1
7,2,11,801,1,0,1,5,0,8,2,1.35984799518,2,0.549480576952,1
7,2,11,802,1,1,2,3,1,3,2,1.13987258419,2,0.544324381761,1
7,2,11,803,1,1,2,3,1,3,2,1.21986364273,2,0.494180602371,1
7,2,11,804,1,1,2,7,1,7,1,1.1998658781,1,0.48643257462,1
7,2,11,805,1,1,2,3,1,3,2,1.29985470127,2,0.550714006702,1
7,2,11,806,1,1,2,3,1,3,1,1.17986811346,1,0.502503989177,1
7,2,11,807,1,0,1,5,1,5,1,1.20986476041,1,0.79131008593,1
7,2,11,808,1,1,2,7,1,7,2,1.15987034883,1,0.893425451155,0
7,2,11,809,1,1,1,8,1,8,2,1.20986476041,2,0.464016815215,1
7,2,11,810,1,0,1,6,1,6,2,1.20986476041,2,0.883091326326,1
7,2,11,811,1,1,1,5,1,5,1,1.14987146651,1,0.561164350438,1
7,2,11,812,1,1,2,8,1,8,2,1.0298848787,2,0.393531708443,1
7,2,11,813,1,1,1,6,0,2,1,1.30985358359,2,0.823517514644,0
7,2,11,814,1,1,1,3,1,3,2,1.13987258419,2,0.567966929837,1
7,2,11,815,1,1,2,6,1,6,2,1.23986140737,2,0.517849714764,1
7,2,11,816,1,1,2,5,1,5,2,1.20986476041,2,0.606738764651,1
7,2,11,817,1,1,2,8,1,8,1,1.30985358359,2,0.808396076452,0
7,2,11,818,1,1,1,6,0,5,1,1.04988264333,1,0.615695469034,1
7,2,11,819,1,1,1,3,0,6,1,1.21986364273,1,0.642960726462,1
7,2,11,820,1,1,2,6,1,6,1,1.18986699578,1,0.514059469064,1
7,2,11,821,1,1,1,5,0,2,2,1.37984575981,2,0.566385748967,1
7,2,11,822,1,1,2,1,1,1,1,1.01988599638,1,0.495138427283,1
7,2,11,823,1,1,1,8,1,8,2,1.15987034883,2,0.49407494882,1
7,2,11,824,1,1,1,2,1,2,1,1.05988152565,1,0.388870575607,1
7,2,11,825,1,1,1,4,0,6,1,1.04988264333,1,0.571014582001,1
7,2,11,826,1,1,2,8,0,7,1,1.07987929029,1,0.427449819093,1
7,2,11,827,1,1,2,1,1,1,1,1.07987929029,2,0.681251686685,0
7,2,11,828,1,1,2,1,1,1,1,1.38984464213,1,0.620514176593,1
7,2,11,829,1,1,2,5,1,5,2,1.1998658781,2,0.688093810695,1
7,2,11,830,1,1,2,4,1,4,1,1.16986923114,1,0.540756310387,1
7,2,11,831,1,1,2,6,1,6,2,1.36984687749,2,0.504479710595,1
7,2,11,832,1,1,1,7,1,7,1,1.29985470127,1,0.487407304103,1
7,2,11,833,1,1,2,4,1,4,2,1.29985470127,2,0.563139769991,1
7,2,11,834,1,1,2,2,1,2,1,1.10987593724,1,0.544069002033,1
7,2,11,835,1,1,1,7,1,7,2,1.09987705492,1,0.662111187383,0
7,2,11,836,1,0,1,2,1,2,1,1.38984464213,1,0.507484195736,1
7,2,11,837,1,1,2,2,0,8,1,1.06988040797,1,0.701298089723,1
7,2,11,838,1,1,2,8,1,8,1,1.26985805432,1,0.383199998552,1
7,2,11,839,1,0,1,8,0,4,1,1.05988152565,2,0.721630662956,0
7,2,11,840,1,1,2,4,1,4,1,1.09987705492,1,0.490368320356,1
7,2,11,841,1,1,1,1,1,1,2,1.20986476041,2,0.418509415544,1
7,2,11,842,1,1,1,2,1,2,1,1.14987146651,1,0.442410663883,1
7,2,11,843,1,1,1,2,1,2,2,1.20986476041,2,0.531210361052,1
7,2,11,844,1,1,2,3,1,3,2,1.07987929029,2,0.45910513253,1
7,2,11,845,1,1,2,5,1,5,2,1.05988152565,2,0.563865157092,1
7,2,11,846,1,1,1,1,0,7,2,1.28985581895,2,0.563626983796,1
7,2,11,847,1,1,2,7,0,1,2,1.24986028968,2,0.504480918065,1
7,2,11,848,1,1,2,7,1,7,2,1.03988376102,2,0.708904239847,1
7,2,11,849,1,1,2,3,0,1,2,0.999888231747,2,0.527178017783,1
7,2,11,850,1,1,2,1,1,1,2,1.09987705492,2,0.46289417076,1
7,2,11,851,1,1,1,4,0,1,1,1.14987146651,1,0.501863728652,1
7,2,11,852,1,1,1,2,1,2,2,1.32985134822,2,0.387367578365,1
7,2,11,853,1,1,1,2,1,2,2,1.32985134822,2,0.482372157694,1
7,2,11,854,1,1,1,7,1,7,2,1.26985805432,2,0.574759245745,1
7,2,11,855,1,1,1,2,0,8,2,1.09987705492,2,0.50095631558,1
7,2,11,856,1,1,2,8,1,8,2,1.12987370187,2,0.688659811862,1
7,2,11,857,1,1,1,2,1,2,2,1.05988152565,2,0.380037334944,1
7,2,11,858,1,1,2,3,1,3,1,1.37984575981,1,0.791371063126,1
7,2,11,859,1,1,1,6,1,6,2,1.27985693664,2,0.562145419131,1
7,2,11,860,1,1,1,1,1,1,2,1.0898781726,2,0.375855567367,1
7,2,11,861,1,1,1,1,1,1,1,1.21986364273,2,0.667134862833,0
7,2,11,862,1,1,1,6,1,6,1,1.04988264333,1,0.569080820136,1
7,2,11,863,1,1,2,6,1,6,1,1.11987481956,1,0.465404197283,1
7,2,11,864,1,1,2,8,1,8,1,1.36984687749,1,0.48902621838,1
7,2,11,865,1,1,2,1,0,8,1,1.0898781726,1,0.416250542607,1
7,2,11,866,1,1,2,7,0,5,2,1.20986476041,2,0.739624066551,1
7,2,11,867,1,1,2,3,1,3,1,1.20986476041,1,0.475254730711,1
7,2,11,868,1,1,2,4,1,4,1,1.16986923114,1,0.486997368323,1
7,2,11,869,1,1,1,5,1,5,2,1.13987258419,1,0.659383816412,0
7,2,11,870,1,1,2,4,1,4,1,1.22986252505,1,0.589058397436,1
7,2,11,871,1,1,1,5,1,5,1,1.23986140737,1,0.522532582047,1
7,2,11,872,1,1,2,6,1,6,1,1.17986811346,1,0.681664641139,1
7,2,11,873,1,1,1,7,1,7,2,1.14987146651,2,0.684603319212,1
7,2,11,874,1,1,1,1,1,1,2,1.23986140737,2,0.470345462963,1
7,2,11,875,1,1,2,5,1,5,1,1.14987146651,1,0.803099211098,1
7,2,11,876,1,1,1,7,1,7,1,1.1998658781,1,0.550799133278,1
7,2,11,877,1,1,2,8,1,8,1,1.21986364273,1,0.46174767879,1
7,2,11,878,1,1,2,4,1,4,1,1.259859172,1,0.618220890785,1
7,2,11,879,1,1,1,4,1,4,2,1.00988711406,1,0.480338175887,0
7,2,11,880,1,1,2,4,1,4,2,1.29985470127,2,0.436171066987,1
7,2,12,881,1,0,2,2,1,2,2,1.14987146651,2,0.583778436652,1
7,2,12,882,1,1,1,3,1,3,1,1.12987370187,1,0.643539104192,1
7,2,12,883,1,1,2,6,1,6,2,1.01988599638,2,0.524416535805,1
7,2,12,884,1,1,2,8,1,8,2,1.06988040797,2,0.532163657957,1
7,2,12,885,1,0,1,3,0,1,1,1.35984799518,1,0.539086984267,1
7,2,12,886,1,1,1,2,1,2,2,1.12987370187,2,0.460861094558,1
7,2,12,887,1,1,1,1,1,1,1,1.22986252505,1,0.442292030039,1
7,2,12,888,1,1,1,1,1,1,1,1.13987258419,1,0.42946236832,1
7,2,12,889,1,1,2,4,1,4,1,1.18986699578,1,0.740357604067,1
7,2,12,890,1,1,1,1,1,1,2,1.26985805432,2,0.416077874517,1
7,2,12,891,1,0,2,5,1,5,2,1.09987705492,2,0.638969135274,1
7,2,12,892,1,1,2,8,0,4,2,1.20986476041,2,0.63709665247,1
7,2,12,893,1,1,1,5,1,5,1,1.259859172,1,0.523508820865,1
7,2,12,894,1,1,2,7,1,7,2,1.11987481956,2,0.533238909247,1
7,2,12,895,1,1,2,7,0,2,1,1.01988599638,2,0.518144035374,0
7,2,12,896,1,1,2,1,1,1,1,1.23986140737,1,0.517938161884,1
7,2,12,897,1,1,2,2,1,2,2,1.06988040797,2,0.451383065363,1
7,2,12,898,1,1,1,2,1,2,1,1.01988599638,1,0.6054564324,1
7,2,12,899,1,1,2,5,1,5,2,1.26985805432,1,0.486135839074,0
7,2,12,900,1,1,2,8,1,8,1,1.15987034883,1,0.563120752351,1
7,2,12,901,1,1,1,3,1,3,2,1.31985246591,2,0.457915775401,1
7,2,12,902,1,1,2,5,1,5,2,1.21986364273,2,0.493737763052,1
7,2,12,903,1,1,2,7,1,7,2,1.35984799518,2,0.882651505683,1
7,2,12,904,1,1,1,1,0,3,1,1.13987258419,1,0.478273705488,1
7,2,12,905,1,1,2,6,1,6,2,1.24986028968,2,0.7170878621,1
7,2,12,906,1,1,2,2,0,8,1,1.27985693664,2,0.766854609243,0
7,2,12,907,1,1,2,6,1,6,1,1.05988152565,2,0.686234911918,0
7,2,12,908,1,1,2,8,1,8,2,1.18986699578,2,0.499456035144,1
7,2,12,909,1,1,1,7,1,7,2,1.03988376102,2,0.499454525805,1
7,2,12,910,1,1,1,2,1,2,2,1.30985358359,2,0.422401088654,1
7,2,12,911,1,0,2,5,1,5,1,1.11987481956,1,0.618945976017,1
7,2,12,912,1,1,2,5,0,1,2,1.17986811346,2,0.401067523486,1
7,2,12,913,1,1,1,6,1,6,1,1.34984911286,2,0.705482574107,0
7,2,12,914,1,1,2,7,0,5,2,1.06988040797,2,0.561202385717,1
7,2,12,915,1,1,2,3,1,3,1,1.38984464213,2,0.720124345175,0
7,2,12,916,1,1,2,6,0,3,2,1.12987370187,2,0.549788783454,1
7,2,12,917,1,1,1,8,1,8,1,1.13987258419,2,0.511044116698,0
7,2,12,918,1,1,2,7,1,7,2,1.05988152565,2,0.589577307306,1
7,2,12,919,1,1,2,8,1,8,1,1.11987481956,2,0.835326864919,0
7,2,12,920,1,1,1,1,1,1,2,1.10987593724,2,0.44830522647,1
7,2,12,921,1,1,1,5,1,5,2,1.28985581895,2,0.747729505172,1
7,2,12,922,1,1,2,3,1,3,1,1.37984575981,2,0.926891968338,0
7,2,12,923,1,1,2,3,0,8,1,1.12987370187,2,0.941525287122,0
7,2,12,924,1,1,2,6,1,6,2,1.01988599638,2,0.723878970537,1
7,2,12,925,1,1,1,8,1,8,2,1.10987593724,2,0.497962697656,1
7,2,12,926,1,1,2,7,1,7,1,1.26985805432,1,0.623849206422,1
7,2,12,927,1,1,2,8,0,2,1,1.22986252505,1,1.21673950724,1
7,2,12,928,1,1,1,4,1,4,2,1.1998658781,2,1.03548329255,1
7,2,12,929,1,1,2,5,0,8,1,1.10987593724,1,0.984392857335,1
7,2,12,930,1,1,1,1,1,1,1,1.0298848787,1,0.488869247391,1
7,2,12,931,1,1,1,4,0,8,2,1.38984464213,2,0.725519015527,1
7,2,12,932,1,1,1,3,1,3,2,1.05988152565,2,0.511523783822,1
7,2,12,933,1,1,2,4,1,4,1,1.33985023054,1,0.459591440733,1
7,2,12,934,1,1,2,3,1,3,2,1.31985246591,2,0.544010439779,1
7,2,12,935,1,1,1,1,0,5,2,1.00988711406,2,0.728914720679,1
7,2,12,936,1,1,2,2,1,2,1,1.21986364273,1,0.512767477059,1
7,2,12,937,1,1,1,4,1,4,1,1.01988599638,1,0.520119153058,1
7,2,12,938,1,1,1,3,1,3,1,1.12987370187,1,0.517584071549,1
7,2,12,939,1,1,2,6,1,6,2,1.1998658781,2,0.617192127062,1
7,2,12,940,1,0,1,4,1,4,1,1.15987034883,1,0.61591190788,1
7,2,12,941,1,1,2,7,1,7,2,1.14987146651,2,0.523466861312,1
7,2,12,942,1,1,2,3,1,3,2,1.23986140737,2,0.692570804484,1
7,2,12,943,1,1,2,5,1,5,1,1.15987034883,1,1.07741084802,1
7,2,12,944,1,0,1,7,1,7,1,1.11987481956,1,0.577203767061,1
7,2,12,945,1,1,2,4,0,8,1,1.0298848787,1,0.587930319369,1
7,2,12,946,1,1,2,4,1,4,1,1.03988376102,2,0.677648598703,0
7,2,12,947,1,1,1,5,1,5,1,1.33985023054,1,0.602519263663,1
7,2,12,948,1,1,2,1,1,1,1,1.10987593724,1,0.55299491595,1
7,2,12,949,1,1,1,2,1,2,1,1.24986028968,1,0.511029627069,1
7,2,12,950,1,1,1,4,1,4,1,1.30985358359,1,0.616141025155,1
7,2,12,951,1,1,1,2,0,6,2,1.06988040797,2,0.703753780133,1
7,2,12,952,1,1,1,1,1,1,2,1.14987146651,2,0.3596809142,1
7,2,12,953,1,1,1,8,1,8,1,1.24986028968,1,0.4925016165,1
7,2,12,954,1,1,1,8,1,8,2,1.11987481956,2,0.628592447159,1
7,2,12,955,1,1,1,4,1,4,1,1.33985023054,1,0.618930882654,1
7,2,12,956,1,0,2,7,1,7,2,1.23986140737,1,0.588947008404,0
7,2,12,957,1,1,2,6,1,6,2,1.37984575981,2,0.499712320474,1
7,2,12,958,1,1,2,6,0,1,2,1.04988264333,2,0.45960774157,1
7,2,12,959,1,1,2,6,1,6,2,1.24986028968,2,0.560188715353,1
7,2,12,960,1,1,2,2,1,2,1,1.33985023054,1,0.512064126269,1
